来源类别,序号,岗位名称,岗位职责,日常工作内容,工作强度,是否经常加班,工作环境,晋升方向,常见单位,考试专业科目,考试内容,推荐指数,一句话总结,原始标题
管理技术岗,001,参谋（九级文员以下/及以下，综合计划方向）,负责机关年度工作计划、阶段性任务安排、综合协调、公文起草、会议组织、督办落实等工作，是机关综合协调的重要岗位。,起草通知、报告、总结等材料；编制年度工作计划；组织召开会议；协调各业务部门；跟踪重点任务落实；整理领导批示及文件归档。,★★★★☆ 机关事务繁杂，工作节奏快，尤其在年度计划制定、重大检查和演训期间工作量明显增加。,★★★★☆ 重大任务、公文集中报送、演训保障期间加班较多，平时相对规律。,,综合计划参谋 → 科室负责人 → 综合部门领导岗位。,军委机关、战区机关、各军兵种机关、联勤保障部队、军事院校、科研院所。,管理学(196)、数学2+物理(8)、数学1(8)、会计学(3)、免笔试(3)。,,★★★★★,机关”大管家”，综合能力要求高，发展路径较好。,001 参谋（九级文员以下/及以下，综合计划方向）
管理技术岗,002,参谋（九级文员以下/及以下，国防动员方向）,负责国防动员建设、征兵动员、后备力量建设、军地协调及应急动员方案制定。,制定动员计划、组织演练、统计动员数据、协调地方部门、完善应急预案、检查动员准备情况。,★★★★☆,★★★☆☆ 征兵季、重大演练和专项检查期间工作较忙。,,国防动员参谋 → 动员部门负责人 → 国防动员管理岗位。,省军区、军分区、人民武装部、战区机关、联勤保障部队。,管理学(1583)、数学2+物理(41)、政治学(33)、汉语言文学(31)、数学1(7)。,,★★★★☆,军地联系密切，政策性较强，工作稳定。,002 参谋（九级文员以下/及以下，国防动员方向）
管理技术岗,003,参谋（九级文员以下/及以下，作战/战备方向）,负责作战筹划、战备值班、演训计划制定、作战保障及战备资料管理。,编制作战方案、整理战备资料、组织演训、值班值勤、分析作战信息、协调各类战备任务。,★★★★★,★★★★★ 演训、战备值班、重大任务期间加班和值班较多。,,作战参谋 → 作战部门负责人 → 战备管理岗位。,战区机关、军兵种机关、各级部队机关。,管理学(5)、数学2+物理(2)。,,★★★★☆,节奏快、责任重，是机关核心业务岗位之一。,003 参谋（九级文员以下/及以下，作战/战备方向）
管理技术岗,004,参谋（九级文员以下/及以下，训练管理方向）,负责军事训练计划制定、训练组织实施、训练考核及训练资源协调。,制定训练计划、统计训练数据、组织考核、协调训练场地、总结训练成果、检查训练落实情况。,★★★★☆,★★★★☆ 训练考核和重大演训期间工作量较大。,,训练参谋 → 训练部门负责人 → 机关训练管理岗位。,各军兵种机关、军事院校、训练基地。,管理学(545)、教育学(51)、汉语言文学(21)、数学2+物理(20)、数学1(16)。,,★★★★☆,训练工作的组织者，统筹协调能力要求较高。,004 参谋（九级文员以下/及以下，训练管理方向）
管理技术岗,005,参谋（九级文员以下/及以下，后勤保障方向）,负责后勤保障计划、物资供应、生活保障、运输保障和综合协调。,制定保障方案、协调物资供应、统计保障需求、组织保障演练、检查保障落实情况。,★★★★☆,★★★★☆ 重大保障任务期间加班较多。,,后勤保障参谋 → 后勤部门负责人 → 后勤管理岗位。,联勤保障部队、医院、军事院校、军兵种机关。,管理学(38)、免笔试(1)。,,★★★★★,招聘数量较多，就业面广，是后勤管理的重要岗位。,005 参谋（九级文员以下/及以下，后勤保障方向）
管理技术岗,006,参谋（九级文员以下/及以下，装备管理方向）,负责装备计划、装备采购、装备管理、维修协调及装备保障。,统计装备信息、制定采购计划、组织装备验收、协调维修保障、建立装备台账。,★★★★☆,★★★☆☆ 装备换装和保障任务期间工作较忙。,,装备管理参谋 → 装备部门负责人 → 装备管理岗位。,装备发展部门、各军兵种机关、装备保障单位。,管理学(160)、数学2+物理(20)、会计学(7)、数学1(6)、法学(2)。,,★★★★☆,偏管理协调，适合工程技术背景考生。,006 参谋（九级文员以下/及以下，装备管理方向）
管理技术岗,007,参谋（九级文员以下/及以下，组织人事方向）,负责干部管理、人事调配、人员考核、组织建设及档案管理。,办理人员调配、整理干部档案、组织考核、统计人员数据、制定干部管理计划。,★★★★☆,★★★★☆ 干部调整、年度考核期间工作较忙。,,组织人事参谋 → 人事部门负责人 → 组织管理岗位。,军委机关、各级机关、军事院校。,管理学(16)。,,★★★★★,机关核心岗位之一，对政策理解和保密意识要求较高。,007 参谋（九级文员以下/及以下，组织人事方向）
管理技术岗,008,参谋（九级文员以下/及以下，信息化方向）,负责信息化建设规划、信息系统管理、网络保障及数字化建设。,维护信息系统、推进信息化项目、协调网络保障、统计信息数据、开展技术支持。,★★★★☆,★★★★☆ 系统升级、网络保障期间加班较多。,,信息化参谋 → 信息化负责人 → 信息技术管理岗位。,信息支援部队、军兵种机关、科研院所。,管理学(3)。,,★★★★★,近年来热门岗位，信息化建设需求持续增长。,008 参谋（九级文员以下/及以下，信息化方向）
管理技术岗,009,参谋（九级文员以下/及以下，战勤计划方向）,负责战勤保障计划、运输协调、物资保障及综合保障任务组织。,制定保障方案、协调运输力量、组织物资调配、统计保障数据、参与演训保障。,★★★★★,★★★★★ 重大演训和应急保障期间工作强度较高。,,战勤参谋 → 战勤保障负责人 → 后勤保障管理岗位。,联勤保障部队、战区机关、各军兵种保障单位。,管理学(50)、会计学(1)、经济学(1)、汉语言文学(1)、数学2+物理(1)。,,★★★★☆,保障任务重，应急响应要求高，适合组织协调能力强的考生。,009 参谋（九级文员以下/及以下，战勤计划方向）
管理技术岗,010,干事（九级文员以下/及以下，组织工作方向）,负责党组织建设、党员教育管理、组织生活、干部考核、党建制度落实等工作，是机关党建工作的核心岗位。,组织召开党组织会议、发展党员、整理党建档案、干部年度考核、党费管理、党建活动策划、党建材料撰写。,★★★★☆,★★★★☆ 党建检查、巡视巡察、年度考核期间加班较多。 工作环境： 机关办公室办公，以电脑、公文处理为主。,,组织干事 → 组织科负责人 → 组织部门领导岗位。,军委机关、战区机关、军兵种机关、军事院校、干休所、医院。,管理学(675)、汉语言文学(235)、政治学(129)、法学(17)、哲学(11)。,,★★★★★,机关党建核心岗位，政策性强，发展空间较好。,010 干事（九级文员以下/及以下，组织工作方向）
管理技术岗,011,干事（九级文员以下/及以下，宣传文化方向）,负责宣传教育、新闻报道、理论学习、文化建设、典型宣传及舆论引导等工作。,撰写新闻稿件、运营公众号、制作宣传资料、组织主题教育、拍摄活动照片、策划宣传活动。,★★★★☆,★★★★☆ 大型活动、宣传报道节点、重大节日期间较忙。 工作环境： 办公室办公，经常参加活动拍摄和采访。,,宣传干事 → 宣传部门负责人 → 新闻宣传管理岗位。,军委机关、政治工作部门、军队院校、医院、文工宣传单位。,管理学(1037)、新闻(156)、汉语言文学(143)、政治学(62)、戏剧与影视(20)。,,★★★★★,适合文字功底好、善于策划宣传工作的考生。,011 干事（九级文员以下/及以下，宣传文化方向）
管理技术岗,012,干事（九级文员以下/及以下，人力资源方向）,负责人力资源管理、招聘录用、人员调配、岗位管理、人才培养等工作。,办理人员入职、岗位调整、统计人员信息、制定培训计划、开展绩效考核、维护人事档案。,★★★☆☆,★★★☆☆ 招聘、年度考核期间工作量增加。 工作环境： 机关办公室办公。,,人力资源干事 → 人力资源负责人 → 人事管理岗位。,军队院校、医院、科研院所、机关单位。,管理学(709)、政治学(18)、数学1(14)、汉语言文学(10)、法学(6)。,,★★★★☆,工作规律，适合管理类专业考生。,012 干事（九级文员以下/及以下，人力资源方向）
管理技术岗,013,干事（九级文员以下/及以下，保卫工作方向）,负责单位安全保卫、内部安全管理、消防安全、保密教育及安全检查。,开展安全检查、组织消防演练、处理安全隐患、保密教育、协调警卫工作、制定安全制度。,★★★★☆,★★★☆☆ 重大活动、节假日、安全检查期间较忙。 工作环境： 办公室与现场检查相结合。,,保卫干事 → 保卫部门负责人 → 安全管理岗位。,医院、院校、科研院所、机关单位。,法学(24)、管理学(23)、政治学(2)、教育学(1)。,,★★★★☆,责任较大，需要较强的风险防控意识。,013 干事（九级文员以下/及以下，保卫工作方向）
管理技术岗,014,干事（九级文员以下/及以下，纪检/纪律审查方向）,负责党风廉政建设、纪律监督、作风建设、信访受理及监督检查。,监督制度落实、整理纪检材料、参与专项检查、廉政教育、调查核实相关事项。,★★★★☆,★★★☆☆ 巡视巡察、专项督查期间较忙。 工作环境： 机关办公室办公。,,纪检干事 → 纪检部门负责人 → 纪检监察岗位。,军委机关、战区机关、军兵种机关、院校、医院。,管理学(72)、法学(49)、政治学(3)、汉语言文学(2)、会计学(1)。,,★★★★☆,纪律监督岗位，原则性和保密要求较高。,014 干事（九级文员以下/及以下，纪检/纪律审查方向）
管理技术岗,015,干事（九级文员以下/及以下，老干部工作方向）,负责离退休干部服务保障、政策落实、生活管理及活动组织。,办理待遇落实、组织健康体检、节日慰问、活动策划、协调医疗保障。,★★★☆☆,★★☆☆☆ 整体工作较稳定，节日期间工作增加。 工作环境： 办公室办公，适当外出走访。,,老干部干事 → 老干部工作负责人 → 综合管理岗位。,干休所、医院、军队院校、机关。,管理学(27)、政治学(10)、汉语言文学(7)、教育学(3)、经济学(1)。,,★★★★☆,工作节奏平稳，服务保障属性较强。,015 干事（九级文员以下/及以下，老干部工作方向）
管理技术岗,016,干事（九级文员以下/及以下，新闻文化方向）,负责文化活动策划、新闻宣传、文艺组织、单位品牌建设及精神文明建设。,组织文艺演出、策划主题活动、制作宣传片、管理文化阵地、撰写宣传材料。,★★★★☆,★★★★☆ 大型活动期间工作强度较高。 工作环境： 办公室与活动现场相结合。,,新闻文化干事 → 宣传部门负责人 → 文化宣传管理岗位。,军队院校、医院、机关、宣传文化单位。,管理学(976)、新闻(154)、汉语言文学(139)、政治学(61)、戏剧与影视(20)。,,★★★★☆,兼具宣传与文化建设职能，创意能力要求较高。,016 干事（九级文员以下/及以下，新闻文化方向）
管理技术岗,017,干事（九级文员以下/及以下，教育训练方向）,负责教育培训计划制定、课程组织、培训考核及教育资源管理。,制定培训方案、组织课程实施、统计培训数据、教材管理、培训总结评估。,★★★★☆,★★★☆☆ 培训集中开展期间工作较忙。 工作环境： 办公室、教室、培训场所相结合。,,教育训练干事 → 教育训练负责人 → 教育管理岗位。,军事院校、训练基地、机关、医院。,管理学(5)、体育学(1)、法学(1)、艺术设计(1)、免笔试(1)。,,★★★★★,适合教育类专业和具有培训组织能力的考生。,017 干事（九级文员以下/及以下，教育训练方向）
管理技术岗,018,助理员（九级文员以下/及以下，财务工作方向）,负责经费预算编制、财务报销审核、经费核算、资产登记、票据管理及财务资料整理，为单位财务运行提供保障。,审核报销单据、录入财务系统、编制预算执行表、整理会计凭证、统计经费数据、协助资产盘点、配合审计检查。,★★★☆☆,★★★☆☆ 月末、季度末、年终决算及专项审计期间工作量明显增加。 工作环境： 固定办公室办公，长期使用电脑处理数据和单据。,,财务助理员 → 财务主管 → 财务管理岗位，也可转任会计师等专业技术岗位（符合条件）。,军委机关、联勤保障部队、军队医院、军事院校、科研院所、干休所。,管理学(1783)、会计学(640)、经济学(84)、政治学(8)、审计学(6)。,,★★★★★,管理岗中招聘数量较多，工作稳定，适合财经类专业考生。,018 助理员（九级文员以下/及以下，财务工作方向）
管理技术岗,019,助理员（九级文员以下/及以下，装备保障/装备管理方向）,负责装备台账管理、装备采购计划、装备调拨、维修协调及装备档案管理。,建立装备档案、统计装备数据、跟踪维修进度、办理装备验收、更新资产信息、协调装备保障。,★★★★☆,★★★☆☆ 装备换装、年度盘点及重大保障任务期间较忙。 工作环境： 办公室与装备库房相结合，部分岗位需要现场核查装备。,,装备助理员 → 装备管理负责人 → 装备保障管理岗位。,装备保障部队、联勤保障部队、各军兵种机关、科研院所。,管理学(245)、数学2+物理(22)、数学1(12)、会计学(4)、免笔试(2)。,,★★★★☆,兼顾管理与装备保障，适合理工科背景考生。,019 助理员（九级文员以下/及以下，装备保障/装备管理方向）
管理技术岗,020,助理员（九级文员以下/及以下，营房管理方向）,负责营房建设、营房维护、住房管理、物业协调及营区基础设施保障。,统计营房使用情况、组织维修申请、协调施工单位、检查营区设施、管理住房档案、监督工程进度。,★★★☆☆,★★☆☆☆ 大型维修项目和营区建设期间工作增加。 工作环境： 办公室与营区现场相结合，需要一定现场巡查。,,营房助理员 → 营房管理负责人 → 后勤保障管理岗位。,联勤保障部队、军事院校、医院、机关单位。,管理学(75)、数学2+物理(12)、数学1(1)。,,★★★★☆,后勤保障的重要岗位，工作节奏相对稳定。,020 助理员（九级文员以下/及以下，营房管理方向）
管理技术岗,021,助理员/助理工程师（基建工程管理方向）,负责基建工程立项、施工协调、工程进度管理、工程资料整理及竣工验收。,审核工程资料、组织现场检查、协调施工单位、统计工程进度、办理验收手续、整理工程档案。,★★★★☆,★★★☆☆ 工程建设高峰期和验收阶段工作较忙。 工作环境： 办公室与施工现场相结合。,,基建助理员 → 基建项目负责人 → 工程建设管理岗位。,营房建设单位、军事院校、医院、联勤保障部队。,数学2+物理(917)、数学1(450)、管理学(84)、免笔试(59)、数学3+化学(6)。,,★★★★☆,工程管理岗位，适合建筑类专业考生。,021 助理员/助理工程师（基建工程管理方向）
管理技术岗,022,助理员（九级文员以下/及以下，医疗管理方向）,负责医院行政管理、医疗质量协调、医务统计、医疗资源配置及综合保障。,统计医疗数据、协调门诊住院管理、整理医疗档案、安排医疗会议、协助质量检查、办理医疗行政事务。,★★★☆☆,★★★☆☆ 等级医院评审、专项检查期间工作较忙。 工作环境： 医院行政办公室办公。,,医疗管理助理员 → 医务管理负责人 → 医院行政管理岗位。,军队医院、疗养院、门诊部、医学科研单位。,管理学(292)、护理学(40)、临床医学(38)、药学(5)、数学1(3)。,,★★★★★,医疗管理与行政结合，是医院系统常见管理岗位。,022 助理员（九级文员以下/及以下，医疗管理方向）
管理技术岗,023,助理员（九级文员以下/及以下，采购管理方向）,负责采购计划编制、供应商协调、采购流程办理、合同管理及采购档案整理。,编制采购计划、询价比价、整理采购资料、合同归档、验收入库协调、统计采购数据。,★★★☆☆,★★★☆☆ 集中采购、年度预算执行期间工作较忙。 工作环境： 办公室办公，偶尔参与验收现场工作。,,采购助理员 → 采购主管 → 物资采购管理岗位。,联勤保障部队、医院、院校、科研院所、机关单位。,管理学(277)、经济学(20)、数学1(7)、法学(5)、会计学(4)。,,★★★★☆,采购流程规范，适合细心、责任心强的考生。,023 助理员（九级文员以下/及以下，采购管理方向）
管理技术岗,024,助理员（九级文员以下/及以下，物资管理方向）,负责物资计划、仓储管理、物资调拨、库存统计及资产盘点。,建立物资台账、办理物资出入库、库存盘点、统计消耗数据、协调物资供应、整理物资档案。,★★★☆☆,★★☆☆☆ 年度盘点和重大保障任务期间较忙。 工作环境： 办公室与仓储库房相结合。,,物资助理员 → 物资管理负责人 → 后勤保障管理岗位。,联勤保障部队、仓储单位、医院、院校、机关。,管理学(239)、经济学(20)、法学(5)、数学1(5)、会计学(4)。,,★★★★☆,后勤保障基础岗位，工作稳定、需求较多。,024 助理员（九级文员以下/及以下，物资管理方向）
管理技术岗,025,助理员（九级文员以下/及以下，行政管理方向）,负责机关行政事务、公文流转、会议组织、综合协调、档案管理及日常办公保障。,收发文件、会议通知、办公用品管理、车辆及会议室协调、档案整理、公文登记、领导交办事项落实。,★★★★☆,★★★★☆ 会议保障、专项检查、重大活动期间加班较多。 工作环境： 固定办公室办公，是典型的机关行政岗位。,,行政助理员 → 综合办公室负责人 → 综合行政管理岗位。,军委机关、各级机关、军事院校、医院、科研院所、干休所。,管理学(5212)、会计学(123)、经济学(34)、数学2+物理(22)、数学1(18)。,,★★★★★,管理岗中最常见的岗位之一，综合事务多，对沟通协调和文字能力要求较高。,025 助理员（九级文员以下/及以下，行政管理方向）
管理技术岗,026,医师/主治医师（临床医疗方向）,负责门诊、住院患者诊疗，制定治疗方案，开展疾病诊断、治疗、查房、会诊及急危重症救治，同时承担医学教育、科研及卫勤保障任务。,门诊接诊、病房查房、书写病历、制定治疗方案、参加会诊、值班、参与手术（相关科室）、病例讨论、继续教育培训。,★★★★★,★★★★★ 需轮值夜班、节假日值班，急诊及重大卫勤保障期间工作强度较大。,,住院医师→主治医师→副主任医师→主任医师。,军队总医院、各战区总医院、联勤保障部队医院、特色专科医院、疗养院、军事医学科研单位。,临床医学(12566)、免笔试(1476)、中医学(664)、医学影像技术(13)、医学检验技术(7)。,,★★★★★,军队文职招聘人数最多的专业技术岗位之一，发展空间广，但工作压力较大。,026 医师/主治医师（临床医疗方向）
管理技术岗,027,医师/主治医师（中医医疗方向）,负责中医诊疗、中西医结合治疗、中医康复、针灸推拿及健康管理。,中医门诊、辨证施治、开具中药处方、针灸治疗、康复指导、病历书写、参与会诊。,★★★★☆,★★★★☆ 需值班，节假日及门诊高峰期间工作较忙。,,中医师→主治中医师→副主任中医师→主任中医师。,军队医院、中医院、疗养院、康复中心。,临床医学(1019)、中医学(664)、免笔试(86)。,,★★★★☆,近年来招聘数量持续增长，适合中医学专业考生。,027 医师/主治医师（中医医疗方向）
管理技术岗,028,医师/主治医师（口腔疾病诊疗方向）,负责口腔疾病诊疗、牙体牙髓治疗、修复、正畸、口腔外科等工作。,口腔检查、拔牙、补牙、根管治疗、义齿修复、病例记录、器械消毒管理。,★★★☆☆,★★★☆☆ 一般按门诊时间工作，急诊值班相对较少。,,口腔医师→主治医师→副主任医师→主任医师。,军队医院、口腔专科门诊、疗养院。,临床医学(259)、免笔试(18)。,,★★★★★,工作规律，压力相对较小，是医学岗位中的热门选择。,028 医师/主治医师（口腔疾病诊疗方向）
管理技术岗,029,医师/主治医师（麻醉方向）,负责手术麻醉、危重患者麻醉管理、术后镇痛及生命体征监测。,术前评估、制定麻醉方案、术中监测、术后随访、急救保障。,★★★★★,★★★★★ 随手术安排工作，夜间急诊手术和值班较多。,,麻醉医师→主治医师→副主任医师→主任医师。,军队综合医院、专科医院。,临床医学(286)、免笔试(30)。,,★★★★☆,责任重大，专业性极强，对心理素质要求高。,029 医师/主治医师（麻醉方向）
管理技术岗,030,医师/主治医师（急诊方向）,负责急危重症患者抢救、急诊诊疗、应急医学保障及突发事件医疗救援。,接诊急诊患者、抢救危重病人、急诊会诊、夜班值守、参与应急演练。,★★★★★,★★★★★ 长期倒班，夜班频繁，是医疗岗位中工作强度最高的岗位之一。,,急诊医师→急诊科负责人→高级专业技术岗位。,军队医院、急救中心、联勤保障部队医院。,临床医学(322)、免笔试(9)。,,★★★★☆,压力最大、成长最快的医学岗位之一。,030 医师/主治医师（急诊方向）
管理技术岗,031,医师/主治医师（外科方向）,负责外科疾病诊断、手术治疗、术后管理及患者康复。,门诊、查房、手术、病历书写、术后随访、值班。,★★★★★,★★★★★ 手术时间不固定，急诊手术和值班较多。,,外科医师→主治医师→副主任医师→主任医师。,军队医院、专科医院。,临床医学(1442)、免笔试(171)、中医学(9)。,,★★★★★,技术要求高，职业发展空间大。,031 医师/主治医师（外科方向）
管理技术岗,032,医师/主治医师（内科方向）,负责内科疾病诊断、治疗、慢病管理及住院患者管理。,门诊接诊、病房查房、病历书写、会诊、值班、患者健康教育。,★★★★☆,★★★★☆ 住院病区和值班期间工作量较大。,,内科医师→主治医师→副主任医师→主任医师。,军队医院、疗养院、门诊部。,临床医学(2340)、免笔试(500)、中医学(45)。,,★★★★★,需求稳定，几乎所有军队医院都有招聘。,032 医师/主治医师（内科方向）
管理技术岗,033,医师/主治医师（妇产科方向）,负责妇科及产科疾病诊疗、孕产妇管理、手术及分娩保障。,门诊、住院管理、手术、接生、查房、值班。,★★★★★,★★★★★ 分娩具有突发性，夜班和值班较多。,,妇产科医师→主治医师→副主任医师→主任医师。,军队医院、妇幼医疗机构。,临床医学(302)、免笔试(44)、中医学(3)。,,★★★★☆,责任重大，适合妇产医学专业考生。,033 医师/主治医师（妇产科方向）
管理技术岗,034,医师/主治医师（儿科方向）,负责儿童疾病诊断、治疗、生长发育评估及健康管理。,门诊、查房、会诊、值班、健康指导、病例管理。,★★★★★,★★★★★ 夜班和值班较多，门诊高峰期工作压力较大。,,儿科医师→主治医师→副主任医师→主任医师。,军队医院、综合医院。,临床医学(296)、免笔试(42)、中医学(15)。,,★★★★☆,专业要求高，需要较强的沟通能力和耐心。,034 医师/主治医师（儿科方向）
管理技术岗,035,医师/主治医师（全科医疗方向）,负责常见病、多发病诊疗、健康管理、慢病随访及基层医疗保障。,门诊接诊、健康体检、慢病管理、疾病预防宣传、患者随访。,★★★☆☆,★★★☆☆ 整体工作较规律，部分岗位需要值班。,,全科医师→主治医师→副主任医师→主任医师。,军队门诊部、干休所、基层医疗机构、疗养院。,临床医学(1513)、免笔试(59)、中医学(5)。,,★★★★☆,基层医疗保障的重要岗位，工作相对稳定。,035 医师/主治医师（全科医疗方向）
管理技术岗,036,医师/主治医师（皮肤科方向）,负责皮肤病、性传播疾病及常见皮肤问题的诊断、治疗和预防，开展皮肤健康管理及相关医学咨询。,门诊接诊、皮肤检查、制定治疗方案、开展激光及物理治疗（部分岗位）、病历书写、病例随访、参与会诊。,★★★☆☆,★★☆☆☆ 门诊工作为主，急诊较少，整体工作规律。,,皮肤科医师 → 主治医师 → 副主任医师 → 主任医师。,军队医院、疗养院、门诊部。,临床医学(155)、免笔试(49)、中医学(6)。,,★★★★☆,工作节奏相对稳定，是医学岗位中压力较小的专业之一。,036 医师/主治医师（皮肤科方向）
管理技术岗,037,医师/主治医师（肿瘤科方向）,负责肿瘤患者诊断、化疗、靶向治疗、综合治疗及长期随访管理。,门诊接诊、住院管理、制定治疗方案、参加MDT会诊、患者随访、病例讨论。,★★★★☆,★★★★☆ 住院管理和会诊较多，部分岗位需夜间值班。,,肿瘤科医师 → 主治医师 → 副主任医师 → 主任医师。,军队总医院、肿瘤专科医院、综合医院。,临床医学(228)、免笔试(86)。,,★★★★☆,专业性强，需要持续学习最新诊疗技术。,037 医师/主治医师（肿瘤科方向）
管理技术岗,038,药师/主管药师,负责药品采购、验收、储存、调剂、临床药学服务及合理用药指导。,药品发放、处方审核、库存管理、药品质量检查、药学咨询、临床查房（临床药师岗位）。,★★★☆☆,★★★☆☆ 大型医院药房和值班岗位需轮班，部分医院设夜班。,,药师 → 主管药师 → 副主任药师 → 主任药师。,军队医院、疗养院、医学科研单位。,药学(721)、中药学(56)、免笔试(42)、数学3+化学(9)、临床医学(2)。,,★★★★★,军队医院长期招聘岗位，工作稳定，适合药学专业考生。,038 药师/主管药师
管理技术岗,039,技师/主管技师（医学检验方向）,负责血液、生化、免疫、微生物等医学检验，为临床提供检验数据支持。,样本接收、仪器检测、数据审核、质量控制、设备维护、检验报告出具。,★★★★☆,★★★★☆ 大型医院一般实行轮班和值班制度。,,检验技师 → 主管技师 → 副主任技师 → 主任技师。,军队医院、疾控机构、医学实验室。,医学检验技术(710)、临床医学(93)、免笔试(42)、医学影像技术(9)、数学3+化学(4)。,,★★★★★,医学技术岗位代表之一，招聘数量稳定。,039 技师/主管技师（医学检验方向）
管理技术岗,040,技师/主管技师（放射技术方向）,负责X线、CT等放射设备操作、患者检查及影像采集。,患者检查、设备操作、图像采集、设备维护、影像资料管理。,★★★★☆,★★★★☆ 急诊检查和值班较多，部分医院实行轮班制。,,放射技师 → 主管技师 → 副主任技师 → 主任技师。,军队医院、体检中心、医学影像中心。,医学影像技术(200)、临床医学(63)、免笔试(19)、数学1(6)、数学2+物理(5)。,,★★★★☆,设备操作要求高，影像技术应用广泛。,040 技师/主管技师（放射技术方向）
管理技术岗,041,技师/主管技师（医学影像方向）,负责CT、MRI、DR等大型医学影像设备操作及检查质量控制。,患者摆位、设备操作、影像采集、图像处理、设备维护、资料归档。,★★★★☆,★★★★☆ 急诊检查和值班较为常见。,,影像技师 → 主管技师 → 副主任技师 → 主任技师。,军队医院、影像中心、疗养院。,医学影像技术(555)、临床医学(130)、医学检验技术(19)、免笔试(14)、数学2+物理(2)。,,★★★★★,医学影像需求持续增长，是热门医技岗位。,041 技师/主管技师（医学影像方向）
管理技术岗,042,技师/主管技师（病理技术方向）,负责病理标本处理、切片制作、染色、病理检测及实验室质量控制。,标本接收、组织脱水、切片制作、显微镜观察辅助、实验室管理。,★★★☆☆,★★☆☆☆ 工作时间相对规律，夜班较少。,,病理技师 → 主管技师 → 副主任技师 → 主任技师。,军队医院、病理中心、医学实验室。,医学检验技术(56)、临床医学(25)、免笔试(6)。,,★★★★☆,幕后医学岗位，专业性强，工作节奏稳定。,042 技师/主管技师（病理技术方向）
管理技术岗,043,技师/主管技师（康复医学与理疗方向）,负责患者运动康复、神经康复、骨科康复及功能训练。,康复评估、制定康复计划、指导训练、物理治疗、康复记录、患者随访。,★★★☆☆,★★☆☆☆ 以白班为主，整体工作较规律。,,康复治疗师 → 康复主管 → 康复中心负责人。,军队医院、疗养院、康复中心。,临床医学(958)、中医学(344)、免笔试(81)、体育(15)、体育学(8)。,,★★★★★,近年来招聘增长较快，适合康复专业毕业生。,043 技师/主管技师（康复医学与理疗方向）
管理技术岗,044,医师/主治医师（营养方向）,负责患者营养评估、营养治疗方案制定、膳食指导及健康管理。,营养门诊、制定食谱、病区会诊、营养宣教、特殊饮食管理。,★★☆☆☆,★★☆☆☆ 正常行政班较多，值班较少。,,营养医师 → 高级营养医师 → 营养科负责人。,军队医院、疗养院、健康管理中心。,临床医学(66)、免笔试(8)、中医学(1)。,,★★★★☆,工作规律，适合营养学及食品相关专业考生。,044 医师/主治医师（营养方向）
管理技术岗,045,医师/主治医师（心理医疗或心理服务方向）,负责心理咨询、心理评估、心理治疗、心理危机干预及心理健康教育。,开展心理咨询、组织心理测评、团体辅导、心理档案管理、参与应激干预。,★★★☆☆,★★★☆☆ 重大任务、应急事件期间工作增加。,,心理医师 → 心理治疗专家 → 心理中心负责人。,军队医院、军事院校、心理服务中心、科研单位。,临床医学(867)、免笔试(37)、教育学(19)、管理学(3)、数学1(3)。,,★★★★★,近年来需求不断增加，是发展较快的新兴专业岗位。,045 医师/主治医师（心理医疗或心理服务方向）
管理技术岗,046,医师（疾病预防控制方向）,负责疾病预防控制、传染病监测、公共卫生管理、卫生防疫及流行病学调查。,疫情监测、健康体检、卫生监督、流调分析、防疫演练、健康宣教。,★★★★☆,★★★★☆ 重大公共卫生事件、疫情防控期间工作强度显著增加。,,疾控医师 → 公共卫生负责人 → 疾病预防控制管理岗位。,军队疾病预防控制机构、军队医院、联勤保障部队、防疫单位。,临床医学(449)、免笔试(24)、生物化学+动物生理学(3)、医学检验技术(2)、中医学(1)。,,★★★★☆,公共卫生保障的重要岗位，应急任务较多。,046 医师（疾病预防控制方向）
管理技术岗,047,护师/主管护师（临床护理方向）,负责住院患者护理、病情观察、医嘱执行、健康宣教、护理文书书写及基础护理工作。,执行医嘱、输液、采血、换药、巡视病房、监测生命体征、护理记录、患者健康宣教、协助医生抢救患者。,★★★★★,★★★★★ 实行24小时轮班制度，夜班、节假日值班较为普遍，遇到抢救任务可能延长工作时间。,,护士 → 护师 → 主管护师 → 副主任护师 → 主任护师。,军队总医院、联勤保障部队医院、专科医院、疗养院。,护理学(3179)、免笔试(10)、临床医学(1)。,,★★★★★,招聘人数最多的护理岗位，适合护理专业毕业生，稳定但工作强度较高。,047 护师/主管护师（临床护理方向）
管理技术岗,048,护师/主管护师（重症/ICU护理方向）,负责重症监护患者护理、生命支持设备管理、危重患者抢救配合及病情监测。,监护生命体征、管理呼吸机及监护设备、执行抢救医嘱、护理记录、危重患者护理。,★★★★★,★★★★★ 实行24小时轮班，夜班频繁，抢救任务期间工作压力极大。,,ICU护士 → 护师 → ICU护士长 → 护理部管理岗位。,军队综合医院、重症医学中心。,护理学(203)。,,★★★★☆,护理岗位中工作强度最高，对专业能力要求极高。,048 护师/主管护师（重症/ICU护理方向）
管理技术岗,049,护师/主管护师（手术室护理方向）,负责术前准备、术中器械配合、无菌管理、术后器械清点及手术安全保障。,准备手术器械、配合医生完成手术、清点器械敷料、维护无菌环境、整理手术记录。,★★★★☆,★★★★★ 手术时间不固定，急诊手术和夜间手术需随时到岗。,,手术室护士 → 专科护士 → 护士长。,军队医院、专科医院。,护理学(96)。,,★★★★★,专业技术要求高，责任重大，是护理热门方向之一。,049 护师/主管护师（手术室护理方向）
管理技术岗,050,护师/护士（门诊护理方向）,负责门诊患者分诊、护理操作、健康宣教及门诊秩序维护。,分诊导诊、输液、抽血、健康咨询、预约管理、协助医生接诊。,★★★☆☆,★★☆☆☆ 以白班为主，急诊门诊除外，整体工作规律。,,门诊护士 → 门诊护士长 → 护理管理岗位。,军队医院、门诊部、疗养院。,护理学(150)。,,★★★★★,护理岗位中工作规律较好，是不少考生关注的方向。,050 护师/护士（门诊护理方向）
管理技术岗,051,护师/主管护师（老干部护理方向）,负责离退休干部及老年患者的医疗护理、慢病管理、健康监测及生活照护。,健康巡诊、慢病护理、用药管理、康复指导、健康档案维护、定期体检。,★★★☆☆,★★☆☆☆ 夜班相对较少，整体工作节奏较平稳。,,老干部护理 → 护师 → 护理管理岗位。,干休所、军队疗养院、军队医院老干部病房。,护理学(19)。,,★★★★★,工作稳定、压力相对较小，是护理专业较受欢迎的岗位。,051 护师/主管护师（老干部护理方向）
管理技术岗,052,护师/主管护师（康复护理方向）,负责康复患者护理、功能训练配合、康复评估及健康指导。,协助康复训练、护理评估、康复指导、观察患者恢复情况、记录康复数据。,★★★☆☆,★★☆☆☆ 一般实行白班，夜班较少。,,康复护士 → 康复护理负责人 → 护理管理岗位。,康复中心、疗养院、军队医院。,护理学(47)。,,★★★★☆,工作节奏较平稳，适合喜欢长期护理管理工作的考生。,052 护师/主管护师（康复护理方向）
管理技术岗,053,护师/护士（助产方向）,负责孕产妇产程观察、分娩接生、新生儿护理及产后健康指导。,观察产程、协助分娩、新生儿护理、产后随访、孕产妇健康宣教、值班接产。,★★★★★,★★★★★ 实行24小时轮班，分娩时间不可预测，夜班和值班较多。,,助产士 → 主管助产士 → 护士长 → 护理管理岗位。,军队医院、妇产专科医院。,护理学(74)。,,★★★★☆,专业性强，责任重大，对心理素质和应急能力要求较高。,053 护师/护士（助产方向）
管理技术岗,054,讲师,承担课程教学、实验指导、科研及学生日常培养工作，是军队院校招聘数量最多的教师岗位。,备课授课、批改作业、指导实验、组织考试、参与科研项目、学生答疑。,★★★☆☆,★★★☆☆ 考试周、科研项目和教材编写期间工作增加。,,讲师 → 高级专业技术岗位（以单位职称评审和岗位设置为准）。,军队院校、士官学校、训练基地。,免笔试(3629)、数学2+物理(2028)、数学1(1444)、教育学(1347)、管理学(244)。,,★★★★★,教学科研类招聘最多的岗位之一，适合硕士、博士报考。,054 讲师
管理技术岗,055,助教,协助教师完成教学、实验、课程建设及学生管理工作。,实验准备、课堂辅助、答疑辅导、考试组织、资料整理、教学资源建设。,★★★☆☆,★★☆☆☆ 整体工作规律，考试期间稍忙。,,助教 → 讲师 → 高级专业技术岗位（以单位职称评审和岗位设置为准）。,军队院校、士官学校。,数学2+物理(1556)、数学1(1259)、教育学(1009)、管理学(210)、免笔试(200)。,,★★★★☆,青年教师起步岗位，适合应届硕士、博士。,055 助教
管理技术岗,056,助理实验师/实验师（实验教学或实验室管理方向）,负责实验室建设、实验设备管理、实验教学保障及实验安全管理。,准备实验器材、维护实验设备、指导学生实验、记录实验数据、采购实验耗材。,★★★☆☆,★★☆☆☆ 科研实验集中时工作量增加。,,实验员→高级实验师→实验中心负责人。,军队院校、科研院所、医学实验中心。,免笔试(171)、数学2+物理(169)、数学1(67)、数学3+化学(25)、临床医学(20)。,,★★★★☆,实践性较强，适合理工科专业毕业生。,056 助理实验师/实验师（实验教学或实验室管理方向）
管理技术岗,057,助理馆员/馆员（图书馆方向）,负责图书资源建设、文献检索、数字资源管理、读者服务及档案文献整理。,图书编目、借阅管理、数据库维护、文献检索、数字资源建设、阅读推广。,★★☆☆☆,★☆☆☆☆ 基本实行行政班，节假日值班较少。,,馆员→副研究馆员→研究馆员→图书馆负责人。,军队院校、科研院所、军事图书馆。,图书(78)、数学1(35)、管理学(17)、免笔试(8)、数学2+物理(7)。,,★★★★★,工作稳定，加班少，是文职中公认工作节奏较平稳的岗位之一。,057 助理馆员/馆员（图书馆方向）
管理技术岗,058,助教/助理工程师（教育技术方向）,负责智慧教学平台建设、在线课程开发、多媒体教学保障及教育信息化建设。,维护教学平台、录制课程、制作课件、保障远程教学、维护教学设备。,★★★☆☆,★★★☆☆ 开学、考试及大型培训期间较忙。,,教育技术工程师→教育信息化负责人→教育管理岗位。,军队院校、训练基地、教育中心。,教育学(55)、数学1(24)、数学2+物理(19)、管理学(13)、免笔试(6)。,,★★★★☆,教育与信息技术结合，近年来需求持续增长。,058 助教/助理工程师（教育技术方向）
管理技术岗,059,助理编辑/编辑,负责教材、学术期刊、科研成果、内部刊物及宣传资料的编辑出版工作。,稿件审核、文字编辑、校对排版、出版协调、组稿策划、学术资料整理。,★★★☆☆,★★★☆☆ 教材出版、期刊发行期间工作量增加。,,编辑→责任编辑→编辑部主任→出版管理岗位。,军队院校、科研院所、出版社、学报编辑部。,新闻(310)、出版(168)、数学1(21)、英语(15)、汉语言文学(10)。,,★★★★☆,适合文字功底扎实、细致严谨的考生。,059 助理编辑/编辑
管理技术岗,060,助理工程师/工程师（软件工程方向）,负责军队业务系统、管理平台、信息系统及应用软件的开发、升级、测试和维护，保障各类软件系统安全稳定运行。,需求分析、程序开发、系统测试、Bug修复、数据库维护、接口开发、编写技术文档、参与项目评审和系统上线。,★★★★☆,★★★★☆ 系统上线、版本升级、重大保障任务期间加班较多，平时实行正常工作制。 工作环境： 办公室办公，长期使用电脑，部分岗位涉及机房测试。,,助理工程师 → 工程师 → 高级工程师 → 技术负责人。,信息支援部队、军委机关、科研院所、军事院校、联勤保障部队信息中心。,数学1(2565)、数学2+物理(737)、免笔试(381)、管理学(38)、艺术基础综合(26)。,,★★★★★,计算机专业最热门岗位之一，招聘数量多，发展前景广。,060 助理工程师/工程师（软件工程方向）
管理技术岗,061,助理工程师/工程师（网络工程方向）,负责军队网络架构建设、网络设备部署、网络运行维护及网络故障处理。,交换机、路由器配置，网络巡检，服务器维护，网络优化，故障排查，网络安全整改。,★★★★☆,★★★★☆ 网络割接、设备升级、重大演训和应急保障期间工作量增加。 工作环境： 办公室、网络机房及通信机房。,,网络工程师 → 网络平台主管 → 信息中心负责人。,信息支援部队、通信部队、科研院所、军队院校。,数学1(1131)、数学2+物理(286)、免笔试(33)、管理学(6)、档案(1)。,,★★★★★,网络建设与维护核心岗位，招聘稳定，需求持续增长。,061 助理工程师/工程师（网络工程方向）
管理技术岗,062,助理工程师/工程师（网络安全方向）,负责网络安全防护、安全监测、漏洞扫描、风险评估、安全加固及应急处置。,安全巡检、日志分析、漏洞修复、安全设备维护、渗透测试配合、安全事件响应。,★★★★★,★★★★☆ 重大活动、网络安全保障、应急响应期间工作压力较大。 工作环境： 办公室、网络安全监测中心。,,网络安全工程师 → 安全平台主管 → 网络安全负责人。,信息支援部队、科研院所、军委机关、各军兵种信息部门。,数学1(283)、数学2+物理(41)、免笔试(40)、英语(1)、法学(1)。,,★★★★★,近几年增长最快的热门岗位之一，对专业能力要求较高。,062 助理工程师/工程师（网络安全方向）
管理技术岗,063,助理工程师/工程师（大数据方向）,负责数据平台建设、数据治理、数据分析、数据挖掘及数据可视化，为业务决策提供数据支持。,数据库管理、数据清洗、数据建模、统计分析、报表开发、数据接口维护。,★★★★☆,★★★☆☆ 项目建设和数据集中分析阶段工作较忙。 工作环境： 办公室办公，以计算机操作为主。,,大数据工程师 → 数据平台主管 → 数据中心负责人。,科研院所、信息支援部队、军队院校、机关信息中心。,数学1(553)、数学2+物理(178)、免笔试(88)、档案(5)、管理学(3)。,,★★★★★,数据分析方向热门岗位，发展潜力较大。,063 助理工程师/工程师（大数据方向）
管理技术岗,064,助理工程师/工程师（人工智能方向）,负责人工智能算法研究、智能系统开发、机器学习模型训练及智能装备应用研究。,算法开发、模型训练、数据处理、系统优化、科研项目研究、论文及技术报告编写。,★★★★☆,★★★★☆ 科研攻关、项目验收期间工作较忙。 工作环境： 科研实验室、办公室。,,人工智能工程师 → 高级工程师 → 科研负责人。,军事科学院、科研院所、信息支援部队、军队院校。,数学1(178)、数学2+物理(94)、免笔试(82)、档案(1)、管理学(1)。,,★★★★★,新兴重点发展方向，高学历岗位占比较高。,064 助理工程师/工程师（人工智能方向）
管理技术岗,065,助理工程师/工程师（通信工程方向）,负责通信网络建设、通信设备维护、通信系统规划及通信保障。,通信设备安装调试、线路维护、网络优化、故障排查、通信保障演练。,★★★★☆,★★★★☆ 重大通信保障任务和演训期间工作量增加。 工作环境： 办公室、通信机房、通信站。,,通信工程师 → 通信负责人 → 通信保障管理岗位。,信息支援部队、通信部队、军队院校、科研院所。,数学1(2924)、数学2+物理(965)、免笔试(510)、管理学(7)、档案(2)。,,★★★★★,传统热门专业，岗位覆盖军队多个单位。,065 助理工程师/工程师（通信工程方向）
管理技术岗,066,助理工程师/工程师（光电工程方向）,负责光电设备研发、维护、检测及技术保障，参与光学仪器和光电系统建设。,设备检测、性能测试、光电系统维护、数据分析、技术改进。,★★★★☆,★★★☆☆ 科研项目和装备保障期间较忙。 工作环境： 实验室、设备保障中心。,,光电工程师 → 高级工程师 → 技术负责人。,科研院所、装备保障单位、军队院校。,数学2+物理(137)、数学1(87)、免笔试(61)、管理学(2)。,,★★★★☆,专业性较强，主要面向光电类专业考生。,066 助理工程师/工程师（光电工程方向）
管理技术岗,067,助理工程师/工程师（雷达工程方向）,负责雷达系统维护、性能测试、技术改进及雷达设备保障。,设备调试、雷达检测、故障维修、数据分析、技术保障、演训保障。,★★★★☆,★★★★☆ 演训、战备和重大保障任务期间工作强度较高。 工作环境： 雷达站、实验室、装备保障单位。,,雷达工程师 → 高级工程师 → 雷达技术负责人。,空军、海军、信息支援部队、科研院所。,数学2+物理(23)、免笔试(20)、数学1(13)、管理学(1)。,,★★★★☆,专业方向明确，适合电子信息及雷达专业毕业生。,067 助理工程师/工程师（雷达工程方向）
管理技术岗,068,助理工程师/工程师（装备工程方向）,负责武器装备、技术装备及配套设备的管理、维护、升级改造、技术保障和全寿命周期管理，为部队装备正常运行提供技术支持。,制定装备保障计划、组织装备验收、分析装备故障、协调维修单位、建立装备技术档案、开展技术培训、参与装备试验及性能评估。,★★★★☆,★★★★☆ 新装备列装、演训保障、重大任务期间工作量明显增加。 工作环境： 办公室、装备保障中心、维修车间、装备库房。,,助理工程师 → 工程师 → 高级工程师 → 装备技术负责人。,装备发展部门、各军兵种装备保障单位、科研院所、军队院校。,数学2+物理(1230)、数学1(633)、免笔试(177)、数学3+化学(34)、管理学(32)。,,★★★★★,军队装备保障核心岗位，需求稳定，发展空间较大。,068 助理工程师/工程师（装备工程方向）
管理技术岗,069,助理工程师/工程师（军械工程方向）,负责武器装备维护、弹药技术保障、军械检测、维修管理及技术改进。,检查武器装备状态、组织维修保养、技术检测、军械台账管理、参与装备保障演练。,★★★★☆,★★★★☆ 演训和装备保障期间工作较忙。 工作环境： 装备保障单位、军械仓库、维修中心。,,军械工程师 → 高级工程师 → 军械技术负责人。,陆军、武警部队（如有招录）、装备保障单位、科研院所。,数学2+物理(933)、数学1(278)、免笔试(167)、数学3+化学(66)、管理学(3)。,,★★★★☆,偏装备保障方向，适合机械、兵器相关专业考生。,069 助理工程师/工程师（军械工程方向）
管理技术岗,070,助理工程师/工程师（航空装备方向）,负责航空装备技术保障、维修管理、性能检测、故障分析及技术改进。,飞机保障、技术检测、维修协调、数据分析、装备状态监控、技术资料整理。,★★★★★,★★★★★ 飞行保障、重大演训期间工作节奏快，加班较多。 工作环境： 机场、维修车间、装备保障基地。,,航空装备工程师 → 高级工程师 → 航空装备技术负责人。,空军部队、航空保障单位、科研院所。,数学2+物理(463)、数学1(230)、免笔试(160)、数学3+化学(3)、英语(1)。,,★★★★★,航空类热门岗位，专业性强，对口专业要求严格。,070 助理工程师/工程师（航空装备方向）
管理技术岗,071,助理工程师/工程师（船舶装备方向）,负责舰艇装备、动力系统及船舶设备维护管理，保障舰艇装备正常运行。,设备巡检、维修保障、性能检测、技术改造、故障分析、装备档案管理。,★★★★☆,★★★★☆ 舰艇保障和海上任务期间工作较忙。 工作环境： 码头、舰艇保障基地、维修车间。,,船舶装备工程师 → 高级工程师 → 舰艇装备负责人。,海军保障单位、船舶科研院所。,数学2+物理(198)、免笔试(76)、数学1(56)、数学3+化学(1)。,,★★★★☆,海军特色岗位，主要面向船舶类专业毕业生。,071 助理工程师/工程师（船舶装备方向）
管理技术岗,072,助理工程师/工程师（土木工程方向）,负责营区基础设施建设、工程设计、施工管理、工程质量监督及技术审核。,施工现场管理、工程验收、图纸审核、工程预算、质量检查、协调施工单位。,★★★★☆,★★★☆☆ 工程建设高峰期工作较忙。 工作环境： 办公室与施工现场相结合。,,土木工程师 → 高级工程师 → 工程建设负责人。,联勤保障部队、营房建设单位、军队院校。,数学2+物理(695)、数学1(274)、免笔试(45)、管理学(25)、数学3+化学(3)。,,★★★★★,招聘数量较多，是土木专业主要报考方向。,072 助理工程师/工程师（土木工程方向）
管理技术岗,073,助理工程师/工程师（建筑工程方向）,负责建筑规划、建筑设计审核、工程建设管理及建筑技术支持。,审核设计方案、现场巡查、协调施工、工程验收、建筑资料整理。,★★★★☆,★★★☆☆ 工程建设阶段工作量增加。 工作环境： 办公室、施工现场。,,建筑工程师 → 高级工程师 → 建设项目负责人。,营房建设单位、军队院校、科研院所。,数学2+物理(497)、数学1(151)、免笔试(25)、管理学(12)、数学3+化学(3)。,,★★★★☆,偏设计与工程管理，适合建筑学专业。,073 助理工程师/工程师（建筑工程方向）
管理技术岗,074,助理工程师/工程师（工程造价方向）,负责工程预算编制、工程造价审核、成本控制及工程结算管理。,预算编制、工程量计算、招投标报价审核、工程结算审核、成本分析。,★★★☆☆,★★★☆☆ 项目结算和预算编制阶段较忙。 工作环境： 办公室办公。,,造价工程师 → 高级造价工程师 → 工程经济管理负责人。,营房建设单位、联勤保障部队、军队院校。,数学2+物理(134)、数学1(88)、管理学(18)、经济学(6)、免笔试(5)。,,★★★★☆,工作稳定，适合工程管理、工程造价专业考生。,074 助理工程师/工程师（工程造价方向）
管理技术岗,075,助理工程师/工程师（营房工程方向）,负责营房建设规划、设施维护、工程改造、基础设施保障及营区建设管理。,营房巡检、维修管理、工程验收、施工协调、设施改造、资料整理。,★★★☆☆,★★☆☆☆ 大型建设项目期间工作增加。 工作环境： 办公室与营区现场相结合。,,营房工程师 → 工程负责人 → 营房建设管理岗位。,联勤保障部队、军事院校、医院。,数学2+物理(76)、数学1(23)、管理学(11)、法学(1)、数学3+化学(1)。,,★★★★☆,后勤工程保障的重要岗位，工作节奏相对稳定。,075 助理工程师/工程师（营房工程方向）
管理技术岗,076,助理工程师/工程师（机电工程方向）,负责机电设备安装、运行维护、设备改造及故障维修管理。,设备巡检、维护保养、故障分析、技术改造、设备验收、运行监测。,★★★★☆,★★★☆☆ 设备检修及重大保障任务期间较忙。 工作环境： 机房、设备间、维修现场。,,机电工程师 → 高级工程师 → 技术负责人。,装备保障单位、医院、军队院校、科研院所。,数学2+物理(78)、数学1(13)、免笔试(4)。,,★★★★☆,适用范围广，是机械类专业的重要报考岗位。,076 助理工程师/工程师（机电工程方向）
管理技术岗,077,助理工程师/工程师（自动化方向）,负责自动化控制系统设计、设备调试、智能控制系统维护及技术升级。,PLC程序调试、自动化设备维护、控制系统优化、设备测试、技术文档编写。,★★★★☆,★★★☆☆ 项目实施和设备调试期间工作较忙。 工作环境： 实验室、设备现场、办公室。,,自动化工程师 → 高级工程师 → 自动化平台主管。,科研院所、装备保障单位、军队院校。,数学2+物理(1157)、数学1(706)、免笔试(336)、数学3+化学(4)、管理学(3)。,,★★★★★,智能装备建设的重要岗位，近年来需求持续增加。,077 助理工程师/工程师（自动化方向）
管理技术岗,078,助理工程师/工程师（测控技术方向）,负责测量测试系统、精密仪器、传感器及测控设备的研发、维护和技术保障。,设备检测、仪器校准、数据采集、精度分析、故障排查、技术改进。,★★★★☆,★★★☆☆ 科研试验、装备测试期间工作较忙。 工作环境： 实验室、测试中心、装备保障单位。,,测控工程师 → 高级工程师 → 测控技术负责人。,科研院所、装备试验基地、军队院校、信息支援部队。,数学2+物理(117)、数学1(33)、免笔试(4)、艺术设计(1)、数学3+化学(1)。,,★★★★☆,专业方向明确，适合测控、仪器仪表类专业考生。,078 助理工程师/工程师（测控技术方向）
管理技术岗,079,助理会计师/会计师,负责单位财务核算、会计核算、报表编制、资金管理、财务监督及会计制度执行，确保各项财务工作依法依规开展。,审核报销凭证、登记会计账簿、编制财务报表、预算执行分析、资金支付审核、固定资产核算、年度决算、配合财务检查及审计。,★★★☆☆,★★★☆☆ 月末、季度末、年终决算及专项检查期间工作量增加，平时工作较规律。 工作环境： 机关办公室办公，以电脑办公为主。,,助理会计师 → 会计师 → 高级会计师 → 财务部门负责人。,军委机关、联勤保障部队、军队医院、军事院校、科研院所、干休所。,会计(1066)、会计学(589)、经济学(57)、审计学(9)、免笔试(6)。,,★★★★★,财经类最热门岗位之一，招聘稳定，发展路径清晰。,079 助理会计师/会计师
管理技术岗,080,助理审计师/审计师,负责财务收支审计、经济责任审计、内部控制评价、专项审计及风险监督。,制定审计计划、开展现场审计、审核财务资料、编写审计报告、督促整改落实、参与专项监督检查。,★★★★☆,★★★★☆ 年度审计、专项审计和巡视检查期间工作较忙。 工作环境： 办公室办公，部分岗位需到基层单位开展现场审计。,,审计师 → 高级审计师 → 审计部门负责人。,军委机关、联勤保障部队、军队医院、军事院校、科研院所。,审计(82)、审计学(27)、数学1(26)、数学2+物理(20)。,,★★★★★,专业性和政策性较强，适合审计专业及财会专业考生。,080 助理审计师/审计师
管理技术岗,081,助理会计师/会计师（预算会计方向）,负责年度预算编制、预算执行分析、预算调整及预算绩效管理。,编制预算、分析预算执行情况、审核预算申请、统计资金使用数据、编制预算分析报告。,★★★☆☆,★★★☆☆ 预算编制和年度决算期间较忙。 工作环境： 机关办公室办公。,,预算会计 → 财务主管 → 财务负责人。,军委机关、联勤保障部队、军队医院、军事院校。,会计(42)、会计学(10)、经济学(3)、审计学(1)、审计(1)。,,★★★★☆,偏预算管理方向，适合财务管理专业考生。,081 助理会计师/会计师（预算会计方向）
管理技术岗,082,助理员/助理会计师（资产管理方向）,负责国有资产登记、资产配置、资产处置、固定资产管理及资产清查工作。,建立资产台账、组织资产盘点、审核资产采购、办理资产调拨、报废审批、统计资产数据。,★★★☆☆,★★☆☆☆ 年度资产盘点期间工作增加。 工作环境： 办公室办公，部分时间需到仓库、设备现场核查资产。,,资产管理员 → 资产管理负责人 → 综合保障管理岗位。,联勤保障部队、军队医院、军事院校、科研院所。,管理学(6)。,,★★★★☆,稳定性较高，兼顾财务和实物资产管理。,082 助理员/助理会计师（资产管理方向）
管理技术岗,083,助理员/助理会计师（经费管理方向）,负责单位经费计划、资金分配、经费审批、资金监管及预算执行监督。,审核经费申请、编制资金计划、统计经费执行情况、资金支付管理、财务分析。,★★★☆☆,★★★☆☆ 年终预算执行阶段工作较忙。 工作环境： 机关办公室办公。,,经费管理员 → 财务负责人 → 财务管理岗位。,军委机关、联勤保障部队、医院、院校。,管理学(84)、会计(38)、会计学(17)、经济学(2)、审计学(1)。,,★★★★☆,偏资金管理方向，工作规律、稳定。,083 助理员/助理会计师（经费管理方向）
管理技术岗,084,助理会计师/助理经济师（税务管理方向）,负责涉税业务管理、税费核算、税务政策执行及税务风险防控。,税务申报、涉税审核、税务咨询、税收政策研究、资料整理、税务检查配合。,★★★☆☆,★★☆☆☆ 整体工作较规律，专项检查期间工作增加。 工作环境： 机关办公室办公。,,税务管理 → 财务主管 → 财务负责人。,军队医院、科研院所、院校、机关单位（招聘相对较少）。,管理学(19)、会计学(1)、会计(1)。,,★★★☆☆,招聘数量相对较少，专业对口性较强。,084 助理会计师/助理经济师（税务管理方向）
管理技术岗,085,助理审计师/审计师（采购审计方向）,负责采购项目全过程监督、采购合同审核、采购资金审计及采购风险控制。,审核采购计划、检查采购流程、分析采购成本、监督合同执行、开展专项审计。,★★★★☆,★★★☆☆ 集中采购和专项检查期间工作量增加。 工作环境： 办公室办公，部分岗位需参与现场核查。,,采购审计师 → 审计负责人 → 综合监督管理岗位。,联勤保障部队、军队医院、军事院校、科研院所。,岗位表未检出稳定对应科目；以具体公告为准。,,★★★★☆,兼具采购和审计双重专业特点，适合审计、财会专业考生。,085 助理审计师/审计师（采购审计方向）
管理技术岗,086,助理馆员/馆员（图书馆方向）,负责图书资源建设、图书采购、编目分类、借阅管理、数字资源建设及读者服务。,图书编目、图书采购、借阅管理、数字图书馆维护、文献检索、阅读推广、资料整理。,★★☆☆☆,★☆☆☆☆ 工作时间规律，基本实行行政班，节假日加班较少。 工作环境： 图书馆、阅览室、办公室。,,馆员 → 副研究馆员 → 研究馆员 → 图书馆负责人。,军队院校、军事科学院、科研院所、机关图书馆。,图书(78)、数学1(35)、管理学(17)、免笔试(8)、数学2+物理(7)。,,★★★★★,工作稳定、压力较小，是文职岗位中节奏较平稳的专业技术岗位。,086 助理馆员/馆员（图书馆方向）
管理技术岗,087,助理馆员/馆员（档案管理方向）,负责档案收集、整理、归档、数字化建设、档案保管及档案利用服务。,档案分类、档案扫描、档案数字化录入、档案借阅管理、档案鉴定、档案移交。,★★☆☆☆,★☆☆☆☆ 档案集中整理期间工作增加，平时较规律。 工作环境： 档案室、办公室。,,馆员 → 档案主管 → 档案部门负责人。,军委机关、军队院校、医院、科研院所、干休所。,档案(146)、管理学(8)、数学1(5)、免笔试(3)、图书(2)。,,★★★★★,稳定性高，适合细心、耐心强的考生。,087 助理馆员/馆员（档案管理方向）
管理技术岗,088,助理编辑/编辑,负责教材、期刊、科研成果、内部出版物的策划、编辑、校对及出版管理。,审稿、编辑加工、文字校对、排版协调、出版计划制定、作者沟通。,★★★☆☆,★★★☆☆ 教材出版、期刊发行期间工作较忙。 工作环境： 办公室办公。,,编辑 → 责任编辑 → 编辑部主任 → 出版负责人。,军队院校、科研院所、出版社、学报编辑部。,新闻(310)、出版(168)、数学1(21)、英语(15)、汉语言文学(10)。,,★★★★☆,文字能力要求高，适合文学、新闻传播类专业。,088 助理编辑/编辑
管理技术岗,089,助理编辑/编辑（出版管理方向）,负责出版项目管理、出版计划制定、版权管理、印刷发行协调及出版质量控制。,制定出版计划、审核出版流程、协调印刷发行、管理版权资料、统计出版数据。,★★★☆☆,★★★☆☆ 出版任务集中时工作量增加。 工作环境： 办公室办公。,,出版管理员 → 出版主管 → 出版机构负责人。,军队出版社、院校出版社、科研院所。,出版(159)、新闻(19)、数学1(9)、免笔试(7)、汉语言文学(6)。,,★★★★☆,偏出版运营管理，岗位数量相对较少。,089 助理编辑/编辑（出版管理方向）
管理技术岗,090,研究实习员/助理研究员（党史研究方向）,负责军队党史、军史资料研究、史料整理、课题研究及党史宣传教育。,查阅文献、整理史料、开展课题研究、撰写研究报告、参与党史教育活动。,★★★☆☆,★★☆☆☆ 科研项目和课题结项期间工作增加。 工作环境： 办公室、档案馆、图书馆。,,研究实习员/助理研究员 → 高级研究岗位（以单位职称评审和岗位设置为准）。,军事科学院、军队院校、党史军史研究机构。,免笔试(26)、社会科学基础理论(18)、法学(15)、历史学(2)、管理学(2)。,,★★★★☆,研究性质较强，适合历史学、党史专业考生。,090 研究实习员/助理研究员（党史研究方向）
管理技术岗,091,助理馆员/馆员（文献管理方向）,负责科研文献、技术资料、数据库资源管理及文献服务保障。,文献检索、数据库维护、资料分类、数字资源建设、文献统计分析。,★★☆☆☆,★☆☆☆☆ 整体工作规律。 工作环境： 图书馆、资料室、办公室。,,文献管理员 → 文献主管 → 信息资源负责人。,科研院所、军队院校、医学研究机构。,图书(5)、数学1(3)、管理学(2)、汉语言文学(1)、数学2+物理(1)。,,★★★★☆,偏科研保障方向，工作节奏稳定。,091 助理馆员/馆员（文献管理方向）
管理技术岗,092,助理编辑/助理记者（新媒体采编方向）,负责官方网站、微信公众号、新媒体平台内容策划、采写编辑、视频制作及运营推广。,新闻采写、图片拍摄、短视频制作、公众号运营、专题策划、数据分析。,★★★★☆,★★★★☆ 重大活动、宣传节点和应急宣传期间工作较忙。 工作环境： 办公室办公，部分时间外出采访拍摄。,,采编 → 编辑 → 新媒体平台主管 → 宣传部门负责人。,军委机关宣传部门、军队院校、医院、科研院所、宣传文化单位。,新闻(81)、英语(4)、汉语言文学(1)、艺术基础综合(1)、管理学(1)。,,★★★★★,近年来需求增长较快，适合新闻传播、网络与新媒体专业考生。,092 助理编辑/助理记者（新媒体采编方向）
管理技术岗,093,助理工程师/助理员/研究实习员（合同法务方向）,负责合同管理、案件处理、法律事务协调、法律风险控制及日常法律服务。,合同起草审核、法律咨询、案件资料整理、制度合法性审查、法律培训、诉讼协调（涉及岗位）。,★★★☆☆,★★★☆☆ 案件办理和专项任务期间工作增加。 工作环境： 办公室办公。,,法务专员 → 法务主管 → 法律事务负责人。,机关单位、科研院所、军队医院、军事院校。,数学2+物理(125)、数学1(43)、管理学(14)、法学(10)、数学3+化学(6)。,,★★★★★,工作内容覆盖面广，是法学专业报考较多的岗位之一。,093 助理工程师/助理员/研究实习员（合同法务方向）
管理技术岗,094,助理翻译/翻译（英语方向）,负责英语文件笔译、会议口译、国际交流保障、外文资料整理及涉外业务翻译，为国际合作、军事交流及科研工作提供语言支持。,翻译文件、会议同传或交传、整理外文资料、编译国际军事信息、审核英文材料、参与涉外接待和交流活动。,★★★☆☆,★★★☆☆ 重大国际交流、会议保障及大型活动期间工作量增加。 工作环境： 办公室办公，部分岗位需参加会议或出差。,,英语翻译 → 高级翻译 → 翻译主管 → 国际合作管理岗位。,军委机关、军事科学院、军队院校、科研院所、信息支援部队。,英语(316)。,,★★★★★,招聘数量最多的外语岗位，适合英语专业及高水平英语人才。,094 助理翻译/翻译（英语方向）
管理技术岗,095,助理翻译/翻译（俄语方向）,负责俄语资料翻译、军事科技文献编译、国际合作交流及俄语口笔译工作。,翻译俄文资料、整理技术文件、会议翻译、国际合作沟通、情报资料编译。,★★★☆☆,★★☆☆☆ 大型涉外任务期间工作增加。 工作环境： 办公室办公，部分岗位需出差。,,俄语翻译 → 高级翻译 → 国际交流负责人。,军事科学院、军队院校、科研院所、机关单位。,俄语(15)。,,★★★★☆,岗位数量相对较少，但竞争压力通常低于英语岗位。,095 助理翻译/翻译（俄语方向）
管理技术岗,096,助理翻译/翻译（日语方向）,负责日语文献翻译、技术资料编译、国际交流及科研资料整理。,翻译科研论文、技术文件、参与国际会议、外文信息收集、资料审核。,★★★☆☆,★★☆☆☆ 科研项目及交流活动期间工作增加。 工作环境： 办公室办公。,,日语翻译 → 高级翻译 → 国际合作岗位。,科研院所、军队院校、军事科学院。,日语(4)。,,★★★★☆,招聘数量较少，适合日语专业毕业生。,096 助理翻译/翻译（日语方向）
管理技术岗,097,助理翻译/翻译（小语种方向）,负责法语、德语、西班牙语、阿拉伯语、韩语等小语种资料翻译及国际合作语言保障。,翻译文献、会议口译、国际合作资料整理、涉外接待、语言支持。,★★★☆☆,★★☆☆☆ 涉外任务期间工作较忙。 工作环境： 办公室办公，部分岗位需参加涉外活动。,,小语种翻译 → 高级翻译 → 国际事务管理岗位。,军委机关、军事科学院、军队院校、科研院所。,俄语(15)、日语(4)、法语(3)、德语(1)。,,★★★★☆,岗位较少，但专业稀缺性高，竞争相对较小。,097 助理翻译/翻译（小语种方向）
管理技术岗,098,助理翻译/翻译（情报翻译方向）,负责国外军事情报、科技文献、公开资料的翻译、整理、分析及情报研究支持。,翻译外军资料、整理国际信息、编写情报摘要、分析国外科技动态、建立资料数据库。,★★★★☆,★★★☆☆ 重大任务和专项研究期间工作量增加。 工作环境： 办公室办公，保密要求高。,,情报翻译 → 情报分析员 → 情报研究负责人。,信息支援部队、军事科学院、军委机关、科研院所。,英语(2)。,,★★★★★,兼具语言能力和信息分析能力，是外语类岗位中专业要求最高的方向之一。,098 助理翻译/翻译（情报翻译方向）
管理技术岗,099,助理记者/记者,负责新闻采访、新闻写作、专题报道、重大活动宣传及新闻策划，及时宣传军队建设成果和先进典型。,采访报道、新闻写作、外出采访、新闻编辑、专题策划、新闻审核、参与重大活动宣传。,★★★★☆,★★★★★ 重大活动、演训、节假日宣传及突发新闻期间工作强度较高。 工作环境： 办公室与采访现场相结合，经常外出采访。,,记者 → 主任记者 → 新闻宣传负责人。,军委机关宣传部门、军队报刊、军队院校、医院、科研院所。,新闻(160)。,,★★★★★,新闻传播专业主要报考岗位，文字能力和采访能力要求较高。,099 助理记者/记者
管理技术岗,100,助理记者/电影技术岗位（摄像方向）,负责新闻活动、重大会议、演训保障及宣传片的视频拍摄工作。,现场拍摄、设备调试、镜头设计、素材整理、视频存档、配合后期制作。,★★★★☆,★★★★☆ 重大活动和宣传任务期间经常随队保障。 工作环境： 办公室与外场拍摄相结合。,,摄像师 → 摄像主管 → 宣传制作负责人。,宣传部门、军队院校、医院、融媒体中心。,新闻(18)、艺术基础综合(15)、数学1(12)、管理学(8)、社会科学基础理论(2)。,,★★★★☆,实践性较强，适合影视摄影及广播电视专业。,100 助理记者/电影技术岗位（摄像方向）
管理技术岗,101,四级编导/编导,负责宣传片、专题片、纪录片策划、脚本创作、拍摄组织及后期统筹。,选题策划、脚本编写、现场导演、拍摄协调、后期审核、宣传推广。,★★★★☆,★★★★★ 拍摄周期和后期制作阶段工作强度较高。 工作环境： 办公室、拍摄现场、演播室。,,编导 → 导演 → 宣传部门负责人。,宣传部门、融媒体中心、军队院校。,新闻(48)、艺术基础综合(38)、管理学(30)、戏剧与影视(29)、数学1(13)。,,★★★★★,宣传文化系统热门岗位，创意和统筹能力要求较高。,101 四级编导/编导
管理技术岗,102,四级美术师/美术设计岗位,负责宣传海报、展板、视觉设计、品牌形象设计及文化环境建设。,平面设计、宣传品制作、展览设计、视觉方案制定、设计素材管理。,★★★☆☆,★★★☆☆ 重大活动及宣传任务期间工作增加。 工作环境： 办公室办公。,,设计师 → 高级设计师 → 宣传设计负责人。,宣传部门、军队院校、医院、科研院所。,艺术基础综合(20)、数学1(3)、管理学(2)、艺术设计(1)、教育学(1)。,,★★★★☆,适合视觉传达、艺术设计专业考生。,102 四级美术师/美术设计岗位
管理技术岗,103,助理工程师/美术设计岗位（平面设计方向）,负责宣传画册、海报、画面设计、品牌视觉及印刷设计工作。,版式设计、图片处理、宣传物料制作、设计修改、印刷对接。,★★★☆☆,★★★☆☆ 宣传活动期间工作较忙。 工作环境： 办公室办公。,,平面设计师 → 高级设计师 → 设计主管。,宣传部门、军队院校、医院。,艺术基础综合(20)、新闻(13)、数学2+物理(6)、艺术设计(4)、管理学(4)。,,★★★★☆,工作稳定，设计能力是核心竞争力。,103 助理工程师/美术设计岗位（平面设计方向）
管理技术岗,104,助理编辑/助理工程师（视频制作方向）,负责宣传视频、短视频、专题片剪辑、后期包装及视频发布。,视频剪辑、字幕制作、音频处理、特效制作、素材管理、视频输出。,★★★★☆,★★★★☆ 项目交付及重大宣传节点工作量增加。 工作环境： 办公室、后期制作室。,,视频制作 → 后期主管 → 融媒体负责人。,宣传部门、融媒体中心、军队院校。,数学1(17)、艺术基础综合(7)、新闻(4)、管理学(3)、教育学(2)。,,★★★★★,短视频时代需求持续增长，是热门岗位之一。,104 助理编辑/助理工程师（视频制作方向）
管理技术岗,105,助理编辑/助理记者（新媒体运营方向）,负责微信公众号、网站、短视频平台等新媒体平台运营及内容传播。,内容策划、账号运营、数据分析、活动策划、粉丝互动、平台维护。,★★★★☆,★★★★☆ 热点事件、重大宣传期间工作较忙。 工作环境： 办公室办公。,,运营专员 → 新媒体主管 → 宣传负责人。,宣传部门、军队院校、医院、科研院所。,新闻(81)、英语(4)、汉语言文学(1)、艺术基础综合(1)、管理学(1)。,,★★★★★,近年来增长最快的宣传岗位之一，适合网络与新媒体专业。,105 助理编辑/助理记者（新媒体运营方向）
管理技术岗,106,干事/助理编辑（宣传方向）,负责思想宣传、文化宣传、典型宣传及单位品牌建设工作。,宣传策划、活动组织、新闻撰写、文化建设、宣传资料制作、专题教育。,★★★★☆,★★★★☆ 重大活动和宣传节点工作较忙。 工作环境： 办公室与活动现场结合。,,宣传干事 → 宣传主管 → 宣传部门负责人。,军委机关、军队院校、医院、科研院所。,管理学(1063)、新闻(175)、汉语言文学(143)、政治学(62)、戏剧与影视(21)。,,★★★★★,综合宣传岗位，覆盖单位广，招聘相对稳定。,106 干事/助理编辑（宣传方向）
管理技术岗,107,助理记者/摄影方向,负责新闻摄影、活动摄影、档案摄影及图片资料采集管理。,活动拍摄、新闻摄影、图片后期处理、图片归档、摄影设备维护。,★★★☆☆,★★★★☆ 重大活动和外出保障期间工作增加。 工作环境： 办公室与拍摄现场相结合。,,摄影师 → 摄影主管 → 宣传制作负责人。,宣传部门、军队院校、医院、融媒体中心。,新闻(30)、艺术基础综合(10)、数学1(5)、管理学(4)、社会科学基础理论(3)。,,★★★★☆,适合摄影专业考生，实践能力要求较高。,107 助理记者/摄影方向
管理技术岗,108,研究实习员/助理研究员,负责科研项目实施、实验研究、数据分析、科研报告撰写及科研团队协作，为科研项目提供技术支持。,开展实验研究、收集整理数据、撰写科研论文、参与课题申报、科研会议汇报、整理实验资料。,★★★★☆,★★★★☆ 科研项目攻关、课题验收、论文发表期间工作量较大。 工作环境： 科研实验室、办公室。,,研究实习员/助理研究员 → 高级研究岗位 → 学科带头人（以单位职称评审和岗位设置为准）。,军事科学院、科研院所、军队院校、医学科研机构。,免笔试(1805)、数学1(802)、数学2+物理(405)、英语(114)、法学(79)。,,★★★★★,科研岗位起点，适合硕士、博士及科研能力较强的考生。,108 研究实习员/助理研究员
管理技术岗,109,助理实验师/研究实习员（实验研究方向）,负责实验设计、实验实施、科研设备管理、实验数据分析及科研成果验证。,开展实验、维护实验设备、记录实验数据、分析实验结果、编写实验报告。,★★★★☆,★★★★☆ 实验周期较长时需连续开展实验工作。 工作环境： 实验室。,,实验研究员 → 高级实验研究员 → 实验中心负责人。,科研院所、医学实验室、军队院校。,免笔试(145)、数学2+物理(92)、数学1(59)、数学3+化学(25)、临床医学(21)。,,★★★★☆,偏实验技术路线，适合理工科和医学专业考生。,109 助理实验师/研究实习员（实验研究方向）
管理技术岗,110,研究实习员/助理研究员（材料研究方向）,负责新材料研发、材料性能测试、材料工艺优化及装备材料应用研究。,材料制备、性能检测、实验分析、科研论文撰写、技术攻关。,★★★★☆,★★★★☆ 实验和科研项目期间工作增加。 工作环境： 材料实验室、科研中心。,,材料研究员 → 高级研究员 → 学科负责人。,科研院所、军队院校、装备研发单位。,免笔试(63)、数学1(15)、数学2+物理(8)、数学3+化学(7)、教育学(1)。,,★★★★☆,材料类专业主要报考方向，科研属性明显。,110 研究实习员/助理研究员（材料研究方向）
管理技术岗,111,研究实习员/助理研究员（生物医药方向）,负责生物技术、药物研发、生物安全及医学科研工作。,实验研究、药物检测、生物样本分析、科研数据整理、论文发表。,★★★★☆,★★★★☆ 科研实验周期较长，部分实验需连续进行。 工作环境： 生物实验室、医学科研中心。,,研究员 → 高级研究员 → 科研负责人。,军事医学研究机构、军队医院、科研院所。,免笔试(182)、临床医学(43)、数学3+化学(15)、生物化学+动物生理学(13)、数学2+物理(11)。,,★★★★★,医学科研重要方向，适合生物、药学及医学专业考生。,111 研究实习员/助理研究员（生物医药方向）
管理技术岗,112,研究实习员/助理研究员（人工智能研究方向）,负责人工智能算法研究、智能装备研发、智能决策系统及前沿技术研究。,算法开发、模型训练、数据分析、科研论文、项目研发、成果转化。,★★★★★,★★★★☆ 科研攻关和项目验收期间工作量较大。 工作环境： 实验室、科研中心。,,研究员 → 高级研究员 → 科研团队负责人。,军事科学院、信息支援部队、科研院所、军队院校。,免笔试(65)、数学1(49)、数学2+物理(18)、英语(2)、社会科学基础理论(1)。,,★★★★★,当前重点发展的科研方向，高学历岗位占比较高。,112 研究实习员/助理研究员（人工智能研究方向）
管理技术岗,113,研究实习员/助理研究员（情报研究方向）,负责军事情报、科技情报、国际形势分析及情报产品研究，为决策提供研究支持。,收集公开资料、分析外军动态、撰写研究报告、建立情报数据库、专题研究。,★★★★☆,★★★☆☆ 重大专项研究期间工作较忙。 工作环境： 办公室、科研机构。,,研究员 → 高级研究员 → 情报研究负责人。,军事科学院、信息支援部队、军委机关、科研院所。,免笔试(32)、管理学(13)、数学1(9)、英语(7)、数学2+物理(7)。,,★★★★★,兼具研究和分析能力要求，是军队特色科研岗位。,113 研究实习员/助理研究员（情报研究方向）
管理技术岗,114,助理工程师/工程师（测绘工程方向）,负责军事测绘、地形测量、控制测量、工程测量及测绘成果管理，为部队建设、工程建设和训练提供测绘保障。,开展外业测量、处理测绘数据、绘制地形图、维护测绘数据库、编写测绘报告、更新基础地理信息。,★★★★☆,★★★☆☆ 外业测量、演训保障和工程建设期间工作量增加。 工作环境： 办公室与野外测量现场相结合。,,测绘工程师 → 高级工程师 → 测绘技术负责人。,信息支援部队、战区保障单位、军事科学院、军队院校。,数学1(285)、数学2+物理(127)、免笔试(52)、管理学(3)、数学3+化学(2)。,,★★★★☆,测绘专业主要报考方向，兼具外业与内业工作特点。,114 助理工程师/工程师（测绘工程方向）
管理技术岗,115,助理工程师/工程师（地理信息方向）,负责地理信息系统（GIS）建设、空间数据管理、电子地图制作及地理信息分析。,GIS数据处理、地图制作、数据库维护、空间分析、系统更新、地理信息服务保障。,★★★☆☆,★★☆☆☆ 项目建设阶段工作增加，整体较规律。 工作环境： 办公室办公，以计算机作业为主。,,地理信息工程师 → 高级工程师 → GIS平台主管。,信息支援部队、军事科学院、军队院校、科研院所。,数学1(211)、数学2+物理(56)、免笔试(21)、管理学(2)、政治学(1)。,,★★★★★,数字化测绘核心岗位，近年来需求逐步增加。,115 助理工程师/工程师（地理信息方向）
管理技术岗,116,助理工程师/工程师（水文工程方向）,负责水文调查、水资源分析、水环境监测及军事工程水文保障。,采集水文数据、分析水位变化、编写水文报告、开展现场勘测、维护监测设备。,★★★★☆,★★★☆☆ 汛期、防灾保障及野外调查期间工作增加。 工作环境： 办公室、实验室及野外作业现场。,,水文工程师 → 高级工程师 → 水文保障负责人。,海军、联勤保障部队、军事科学院、工程保障单位。,数学2+物理(269)、数学1(48)、免笔试(23)。,,★★★★☆,专业方向明确，野外保障任务相对较多。,116 助理工程师/工程师（水文工程方向）
管理技术岗,117,助理工程师/工程师（气象工程方向）,负责气象观测、天气预报、气象保障、气候分析及重大任务气象服务。,采集气象数据、天气分析、预报制作、维护观测设备、编写保障方案、参与应急保障。,★★★★☆,★★★★☆ 恶劣天气、重大演训和战备任务期间值班较多。 工作环境： 气象台站、办公室、观测站。,,气象工程师 → 高级工程师 → 气象保障负责人。,空军、海军、战区保障单位、军事科学院。,数学2+物理(509)、数学1(71)、免笔试(42)。,,★★★★☆,军队保障体系的重要岗位，需要较强的数据分析能力。,117 助理工程师/工程师（气象工程方向）
管理技术岗,118,助理工程师/工程师（遥感工程方向）,负责遥感数据获取、影像处理、卫星数据分析及遥感应用研究，为军事决策提供技术支持。,处理遥感影像、分析卫星数据、制作专题图、开展目标识别、建立遥感数据库。,★★★★☆,★★★☆☆ 科研项目和专项保障期间工作较忙。 工作环境： 办公室、遥感数据中心。,,遥感工程师 → 高级工程师 → 遥感技术负责人。,信息支援部队、军事科学院、科研院所、军队院校。,数学2+物理(146)、数学1(75)、免笔试(18)。,,★★★★★,军队信息化建设的重要技术岗位，发展前景较好。,118 助理工程师/工程师（遥感工程方向）
管理技术岗,119,助理农艺师/农艺师（园艺方向）,负责营区园林规划、绿化建设、植物养护及景观维护。,制定绿化方案、植物养护、病虫害防治、景观设计、绿化工程管理。,★★★☆☆,★★☆☆☆ 春秋绿化季工作增加。 工作环境： 办公室与营区现场相结合。,,园艺工程师 → 高级工程师 → 园林负责人。,联勤保障部队、军队院校、疗养院。,生物化学+植物生理学(4)。,,★★★☆☆,岗位数量较少，适合园艺专业毕业生。,119 助理农艺师/农艺师（园艺方向）
管理技术岗,120,助理农艺师/农艺师（农业技术方向）,负责农副业生产、农业技术推广、农业设施管理及农业科研工作。,农业生产管理、技术指导、设施维护、种植管理、农业数据统计。,★★★☆☆,★★☆☆☆ 农忙季节工作量增加。 工作环境： 办公室与生产基地相结合。,,农业技术员 → 高级工程师 → 农业负责人。,联勤保障部队、军队农副业基地。,生物化学+植物生理学(46)。,,★★★☆☆,招聘较少，专业针对性较强。,120 助理农艺师/农艺师（农业技术方向）
管理技术岗,121,助理工程师/工程师（营区环保绿化方向）,负责营区绿化养护、环境建设、绿化工程组织及景观维护。,绿化巡查、工程管理、植物养护、环境整治、绿化资料整理。,★★☆☆☆,★☆☆☆☆ 整体工作规律。 工作环境： 办公室与营区现场。,,绿化管理员 → 绿化负责人。,军队院校、疗养院、联勤保障部队。,数学1(1)。,,★★★☆☆,稳定性较高，招聘规模相对较小。,121 助理工程师/工程师（营区环保绿化方向）
技能岗,132,火炮修理工 / 压制火炮修理工,负责各类火炮武器系统的日常维护、故障检修、性能检测、保养及技术保障，确保装备始终保持良好的战备状态。,日常检查火炮状态、拆装维修部件、更换损坏零件、进行精度校准、参与装备年检、填写维修记录、执行战备保障任务。,★★★★★,★★★★☆,维修车间、装备库房、训练场地，部分时间在室外作业。,初级技术工 → 中级技术工 → 高级技术工 → 技师 → 高级技师。,陆军装备保障部队、装备仓库、训练基地、军械修理单位。,,技能考核、岗位实操、职业技能测试（不同单位要求不同）。,★★★★☆,"重大演训、装备保障及年度检修期间工作量明显增加。
装备保障核心岗位，实践能力要求高，适合机械类技能人才。",132 火炮修理工 / 压制火炮修理工
技能岗,133,防暴装甲车修理工 / 轮式装甲底盘修理工,负责装甲车辆底盘、动力系统、传动系统及相关设备维修保养。,车辆检测、发动机维修、液压系统检查、底盘维护、故障排除、参与野外保障。,★★★★★,★★★★☆,维修车间、训练场、装备保障基地。,维修工 → 技师 → 装备维修负责人。,陆军装备保障单位、维修中心。,,职业技能操作考核。,★★★★★,"演训和野外保障期间工作较忙。
车辆维修需求稳定，是技能岗的重要组成部分。",133 防暴装甲车修理工 / 轮式装甲底盘修理工
技能岗,134,特种车辆修理工兼司机,负责工程车辆、特种保障车辆及专用车辆维修保养。,车辆检修、液压维护、底盘维修、设备检测、应急抢修。,★★★★☆,★★★☆☆,维修车间、保障基地。,维修工 → 技师 → 维修主管。,联勤保障部队、装备保障单位。,,职业技能测试。,★★★★☆,"保障任务期间工作增加。
专业性较强，适合汽车维修类技能人才。",134 特种车辆修理工兼司机
技能岗,135,光电仪器修理工,负责光学仪器、夜视设备、激光设备及光电装备维修保障。,设备检测、线路维修、光学系统调试、设备保养、性能测试。,★★★★☆,★★★☆☆,实验室、维修车间。,维修工 → 技师 → 光电维修负责人。,装备保障单位、科研保障单位。,,技能操作考核。,★★★★☆,"重大保障任务期间工作较忙。
技术含量较高，适合电子、光电专业技能人员。",135 光电仪器修理工
技能岗,136,电站修理工,负责营区供电系统、发电设备、配电设备及应急供电保障。,巡检电站、维修电气设备、排查线路故障、维护发电机组、应急供电保障。,★★★★☆,★★★☆☆,配电房、电站、营区。,电工 → 技师 → 电力保障负责人。,联勤保障部队、营区保障单位。,,电工职业技能考核。,★★★★★,"停电抢修和重大任务期间需应急值守。
需求长期稳定，持证人员优势明显。",136 电站修理工
技能岗,137,液压修理工,负责液压系统检测、维修、更换及故障排查。,液压设备维护、油路检测、密封件更换、设备调试。,★★★★☆,★★★☆☆,维修车间。,维修工 → 技师 → 液压技术负责人。,装备维修单位。,,技能实操。,★★★★☆,"设备集中维修期间较忙。
装备维修重要工种，实践经验要求较高。",137 液压修理工
技能岗,138,钳工,负责机械零件加工、设备装配、维修制造及设备保养。,零件加工、设备拆装、尺寸测量、维修加工、设备维护。,★★★★☆,★★★☆☆,机械加工车间。,钳工 → 技师 → 高级技师。,装备维修中心、军工保障单位。,,钳工技能等级考核。,★★★★☆,"维修高峰期间工作增加。
传统技能岗位，对动手能力要求较高。",138 钳工
技能岗,139,涂装工,负责装备喷涂、防腐处理、表面维护及装备外观修复。,喷漆、防腐处理、表面打磨、设备清洁、材料调配。,★★★☆☆,★★☆☆☆,喷涂车间。,涂装工 → 技师。,装备维修单位。,,职业技能考核。,★★★☆☆,"大型装备维护期间较忙。
专业技能明确，岗位数量相对较少。",139 涂装工
技能岗,140,工程机械修理工,负责工程机械、工程车辆维修保养及故障抢修。,设备检修、液压维护、动力系统维修、工程保障。,★★★★★,★★★★☆,维修车间、施工现场。,维修工 → 技师 → 工程保障负责人。,工程保障部队、联勤保障部队。,,职业技能操作。,★★★★☆,"工程保障任务期间工作强度较高。
工程保障的重要技能岗位。",140 工程机械修理工
技能岗,141,水电工 / 水电修理工,负责营区供水、供电、给排水及相关设施维修保障。,巡检线路、维修水管、电路维护、应急抢修、设备保养。,★★★☆☆,★★★☆☆,营区、设备机房。,维修工 → 技师 → 后勤保障负责人。,联勤保障部队、院校、医院。,,水电工技能考核。,★★★★☆,"故障抢修时需要随时到岗。
营区保障不可缺少的基础岗位。",141 水电工 / 水电修理工
技能岗,142,通信修理工 / 通信装备修理工,负责通信设备安装、调试、维护、故障排除及通信保障任务。,设备巡检、线路测试、通信设备维修、系统调试、应急通信保障。,★★★★☆,★★★★☆,通信机房、设备间、保障现场。,维修工 → 技师 → 通信保障负责人。,信息支援部队、通信保障单位、联勤保障部队。,,通信设备技能考核。,★★★★★,"重大通信保障和演训期间较忙。
技能岗中技术含量较高，通信专业技能优势明显。",142 通信修理工 / 通信装备修理工
技能岗,143,通用驾驶员,负责公务车辆、运输车辆的驾驶、日常维护保养及车辆安全管理，保障人员和物资运输任务顺利完成。,执行车辆派遣、接送人员、运输物资、检查车辆状况、日常保养、清洁车辆、填写行车记录、配合车辆年检。,★★★☆☆,★★★☆☆,营区、公路运输、机关及保障单位。,驾驶员 → 班长 → 运输保障负责人。,联勤保障部队、军队医院、军事院校、机关单位、干休所。,,驾驶技能考核、道路交通法规、车辆基础维护。,★★★★★,"遇有重大活动、节假日保障或紧急运输任务时需加班和值班。
技能岗招聘较多的岗位之一，工作稳定，对驾驶技术要求较高。",143 通用驾驶员
技能岗,144,司机,负责特种保障车辆、抢险车辆、保障车辆等专用车辆驾驶及维护。,驾驶专用车辆执行保障任务、设备检查、车辆维护、参与应急保障及演训运输。,★★★★☆,★★★★☆,保障基地、训练场、公路运输。,驾驶员 → 技师 → 运输保障负责人。,联勤保障部队、装备保障单位、工程保障单位。,,特种车辆驾驶及操作技能考核。,★★★★☆,"演训保障、应急任务期间工作量明显增加。
专业性较强，通常要求相应车型驾驶资格。",144 司机
技能岗,145,司机兼修理工 / 通用驾驶员兼修理工,负责车辆驾驶，同时承担车辆日常保养、故障排查和简单维修工作。,执行运输任务、车辆巡检、更换易损件、维修保养、车辆清洁、填写维修记录。,★★★★☆,★★★☆☆,车辆保障中心、维修车间、公路运输。,驾驶维修工 → 技师 → 运输保障负责人。,联勤保障部队、运输保障单位。,,驾驶技能+维修技能综合考核。,★★★★★,"运输任务集中时工作较忙。
一专多能岗位，兼具驾驶与维修能力更具竞争优势。",145 司机兼修理工 / 通用驾驶员兼修理工
技能岗,146,气象雷达应用员兼驾驶员,负责气象雷达车辆驾驶、设备运输、现场展开及车辆维护保障。,驾驶雷达车辆、协助设备架设、设备运输、车辆保养、参与气象保障任务。,★★★★☆,★★★★☆,野外保障现场、公路运输、气象保障站。,驾驶员 → 技师 → 气象保障负责人。,空军、战区保障单位、气象保障机构。,,驾驶技能及相关岗位操作考核。,★★★★☆,"重大演训、应急保障及恶劣天气期间工作增加。
专业保障岗位，兼顾运输和气象设备保障。",146 气象雷达应用员兼驾驶员
技能岗,147,操作手,负责挖掘机、装载机、推土机、起重机等工程机械操作及日常维护，承担工程建设和抢险保障任务。,驾驶工程机械、施工保障、设备维护、故障排查、参与抢险救援和工程建设。,★★★★★,★★★★☆,施工现场、野外作业区、保障基地。,操作手 → 技师 → 工程保障负责人。,工程保障部队、联勤保障部队、营房建设单位。,,工程机械操作技能考核。,★★★★★,"工程建设、抢险救灾和重大保障任务期间工作强度较高。
工程保障核心技能岗位，持有相应操作证书更具优势。",147 操作手
技能岗,148,炊事员,负责单位日常伙食制作、食品加工、厨房卫生管理及餐饮保障工作，确保按时完成官兵和工作人员的饮食保障任务。,食材清洗切配、烹饪制作、厨房卫生清洁、餐具消毒、食品留样、协助采购验收、参与重大保障供餐。,★★★★★,★★★★☆,食堂后厨、高温厨房。,炊事员 → 炊事班长 → 食堂管理员 → 后勤保障管理岗位。,联勤保障部队、军队医院、军队院校、训练基地、干休所。,,烹饪技能、食品安全知识、岗位实操。,★★★★★,"需早起备餐，节假日、重大演训及大型活动期间保障任务增加。
技能岗招聘数量较多，工作稳定，但体力消耗较大。",148 炊事员
技能岗,149,炊事班班长,负责炊事班日常管理、菜谱制定、人员分工、食品安全管理及重大任务伙食保障。,安排岗位分工、审核采购需求、检查食品安全、指导烹饪制作、协调供餐工作、管理厨房设备。,★★★★★,★★★★☆,食堂、后厨。,炊事班长 → 食堂负责人 → 后勤保障管理岗位。,联勤保障部队、军队医院、军队院校。,,炊事管理、烹饪技能、组织管理能力。,★★★★☆,"保障任务期间需全程组织协调，工作时间较长。
兼顾烹饪与管理，组织协调能力要求较高。",149 炊事班班长
技能岗,150,食堂管理员,负责食堂运营管理、食品安全监督、人员管理、成本控制及后勤协调工作。,制定供餐计划、检查食品安全、管理库存、协调采购、监督卫生、统计餐饮成本、处理日常事务。,★★★☆☆,★★★☆☆,办公室与食堂现场相结合。,食堂管理员 → 后勤主管 → 后勤保障负责人。,军队医院、军事院校、联勤保障部队、干休所。,,后勤管理、食品安全管理、岗位实操。,★★★★☆,"节假日、大型活动期间工作增加。
偏管理岗位，工作规律性相对较好。",150 食堂管理员
技能岗,151,给养员,负责食品、生活物资、给养器材采购计划编制、供应保障及库存管理。,统计需求、验收入库、库存盘点、物资发放、供应协调、建立给养台账。,★★★☆☆,★★☆☆☆,仓库、办公室、物资保障中心。,给养员 → 给养主管 → 后勤保障负责人。,联勤保障部队、军队医院、军事院校、基层保障单位。,,物资管理、仓储管理、岗位实操。,★★★★☆,"大型保障任务和集中采购期间工作增加。
保障供应岗位，责任心和细致程度要求较高。",151 给养员
技能岗,152,炊事员 / 给养员,负责主食、面点、西点等食品制作及特色餐饮保障。,制作馒头、包子、面条、饺子、糕点等，配合完成日常供餐和节日食品制作。,★★★★☆,★★★☆☆,面点加工间、食堂。,面点师 → 面点主管 → 食堂负责人。,军队医院、军事院校、联勤保障部队。,,面点制作技能、食品卫生知识。,★★★★☆,"需提前准备主食，节日保障期间工作增加。
技能要求明确，持有中式面点师资格证更具优势。",152 炊事员 / 给养员
技能岗,153,给养员 / 食堂管理员,负责食材采购验收、储存保管、质量检查、库存管理及食品安全监督。,验收食材、登记入库、检查保质期、冷库管理、库存盘点、协调采购补货。,★★★☆☆,★★☆☆☆,仓库、冷库、食堂。,食材管理员 → 仓储主管 → 后勤保障负责人。,联勤保障部队、军队医院、军事院校、干休所。,,仓储管理、食品安全、岗位技能。,★★★★☆,"节假日前及大型保障任务期间工作增加。
食品安全的重要保障岗位，细心和责任心尤为重要。",153 给养员 / 食堂管理员
技能岗,154,仓库保管员,负责仓库物资验收、入库、保管、盘点、出库及库存管理，确保各类物资账物一致、安全存放。,验收入库、登记台账、定期盘点、物资发放、库存预警、仓库巡查、防火防潮管理、整理仓库。,★★★☆☆,★★☆☆☆,仓库、物资保障中心。,仓库保管员 → 仓库主管 → 仓储保障负责人。,联勤保障部队、军队医院、军事院校、装备仓库、军需仓库。,,仓储管理、岗位技能实操、物资管理知识。,★★★★★,"集中收发物资、年度盘点及重大保障任务期间工作量增加。
技能岗中招聘较多，工作稳定，责任心要求较高。",154 仓库保管员
技能岗,155,器材保管员,负责专业器材、仪器设备、保障器材的验收、保管、维护及发放管理。,器材登记、分类摆放、定期维护、设备检查、出入库登记、器材报废管理。,★★★☆☆,★★☆☆☆,器材库、装备库房。,器材保管员 → 器材主管 → 装备保障负责人。,装备保障单位、医院、军队院校、联勤保障部队。,,器材管理、岗位技能操作。,★★★★☆,"装备集中保障期间工作增加。
设备管理专业性较强，适合细致耐心的考生。",155 器材保管员
技能岗,156,物资保管员 / 综合物资保管员,负责生活物资、办公物资、保障物资计划管理、库存管理及物资供应保障。,编制采购计划、验收入库、库存统计、物资调拨、数据录入、物资发放。,★★★☆☆,★★☆☆☆,办公室、仓储中心。,物资管理员 → 物资主管 → 后勤保障负责人。,联勤保障部队、军事院校、军队医院、机关单位。,,物资管理、仓储基础知识、岗位技能。,★★★★★,"大型保障任务期间工作量增加。
后勤保障的重要岗位，稳定性较高。",156 物资保管员 / 综合物资保管员
技能岗,157,采购员 / 保管员,负责采购物资验收、质量检查、库存管理及采购物资全过程管理。,验收采购物资、核对单据、库存登记、质量抽检、协调采购部门、整理采购档案。,★★★☆☆,★★★☆☆,仓库、办公室。,采购保管员 → 仓储主管 → 后勤管理岗位。,联勤保障部队、军队医院、军队院校。,,采购管理、仓储管理、岗位技能。,★★★★☆,"集中采购和年度保障期间工作增加。
兼顾采购与仓储管理，工作较为稳定。",157 采购员 / 保管员
技能岗,158,调度员,负责运输调度、车辆调度、物资配送调度及保障任务协调，确保运输和供应任务高效完成。,安排运输计划、协调车辆、跟踪运输进度、统计运输数据、处理突发调度任务。,★★★★☆,★★★★☆,调度中心、办公室。,调度员 → 调度主管 → 运输保障负责人。,联勤保障部队、运输保障单位、军队医院、保障中心。,,运输调度、岗位技能、协调组织能力。,★★★★★,"重大保障、演训和应急运输期间工作较忙，部分岗位实行值班制度。
后勤保障体系的重要协调岗位，对组织协调能力要求较高。",158 调度员
技能岗,159,木工,负责营房门窗、家具、木质设施制作、维修及日常养护，保障营区基础设施正常使用。,维修门窗、安装家具、制作木质构件、更换损坏部件、巡检木质设施、维护工具设备。,★★★☆☆,★★☆☆☆,维修车间、营区、施工现场。,木工 → 高级技工 → 营房维修负责人。,联勤保障部队、军事院校、军队医院、干休所。,,木工技能实操、施工安全知识。,★★★☆☆,"营房集中维修及保障任务期间工作增加。
传统保障工种，工作节奏相对稳定，技术经验越丰富优势越明显。",159 木工
技能岗,160,水暖工,负责营区供水、供暖、给排水系统安装、维护、检修及故障处理。,巡检供水管网、维修水暖设备、更换管件、处理漏水故障、维护锅炉及供暖设施（部分单位）。,★★★★☆,★★★☆☆,营区、水泵房、管网井、设备机房。,水暖工 → 技师 → 后勤设施保障负责人。,联勤保障部队、军队医院、军事院校、营区保障中心。,,水暖维修技能、设备维护、安全操作。,★★★★☆,"冬季供暖、突发故障及抢修期间需及时到岗。
营区基础设施的重要保障岗位，具有较强实用性。",160 水暖工
技能岗,161,园艺员 / 园艺技师,负责营区绿化养护、植物栽培、草坪维护、病虫害防治及园林景观管理。,修剪树木、浇灌施肥、草坪养护、花卉种植、绿化巡查、病虫害防治。,★★★☆☆,★★☆☆☆,营区绿化区域、园林养护现场。,园艺工 → 园艺技师 → 绿化负责人。,干休所、疗养院、军事院校、联勤保障部队。,,园艺养护技能、植物基础知识。,★★★☆☆,"春秋绿化和重大活动保障期间工作增加。
工作环境较好，适合园艺及绿化相关技能人员。",161 园艺员 / 园艺技师
技能岗,162,司泵员,负责营区供水泵站、消防泵房、排水系统等设备运行、维护及故障处理。,设备巡检、启停设备、压力监测、设备保养、故障排查、运行记录填写。,★★★☆☆,★★★☆☆,泵房、设备机房。,司泵员 → 技师 → 设备运行负责人。,联勤保障部队、军队医院、军事院校、训练基地。,,设备操作技能、安全操作规范。,★★★★☆,"实行值班制度，突发设备故障时需紧急处理。
保障供水系统稳定运行的专业岗位，责任较大。",162 司泵员
技能岗,163,电梯员 / 营房维修工,负责营区、医院、院校电梯设备运行、维护保养、故障排查及安全管理。,巡检电梯、设备保养、故障维修、安全检测、应急救援演练、维保记录填写。,★★★☆☆,★★★☆☆,医院、办公楼、宿舍楼、设备机房。,运维工 → 技师 → 设备保障负责人。,军队医院、军事院校、机关办公区。,,电梯维修与运行技能（一般要求持有特种设备作业证）。,★★★★☆,"故障抢修及节假日值班期间工作增加。
专业性较强，持证人员报考优势明显。",163 电梯员 / 营房维修工
技能岗,164,营房维修工,负责营房建筑、办公设施、生活设施日常维修、巡检及综合保障工作。,墙体修补、门窗维修、水电检修、屋面维护、设施巡查、应急抢修、施工协调。,★★★★☆,★★★☆☆,营区、办公楼、宿舍区、施工现场。,维修工 → 技师 → 营房保障负责人。,联勤保障部队、军队医院、军事院校、干休所。,,综合维修技能、安全施工知识。,★★★★★,"遇有突发设施故障或大型维修工程时工作增加。
营区综合保障核心岗位，工作内容覆盖面广，需求长期稳定。",164 营房维修工
技能岗,165,话务员,负责单位电话通信保障、总机值守、通信接转及通信设备日常维护，确保各类通信联络及时、准确、畅通。,接听电话、转接线路、记录通信信息、值守总机、维护通信设备、处理简单通信故障、做好值班记录。,★★★☆☆,★★★☆☆,通信值班室、通信机房。,话务员 → 通信班长 → 通信保障负责人。,信息支援部队、机关单位、军队医院、军事院校。,,通信基础知识、岗位技能操作。,★★★★☆,"部分单位实行24小时轮班和值班制度，重大任务期间通信保障时间延长。
通信保障基础岗位，工作稳定，对责任心要求较高。",165 话务员
技能岗,166,文印员,负责文件打印、复印、装订、保密印制及办公文印设备管理，保障机关日常办公需求。,打印文件、复印资料、装订文件、维护打印设备、管理纸张耗材、整理档案资料。,★★☆☆☆,★★☆☆☆,办公室、文印室。,文印员 → 文印主管 → 综合保障岗位。,军委机关、军队院校、军队医院、联勤保障部队。,,办公设备操作、文印技能。,★★★★☆,"会议保障、材料集中印制期间工作增加。
行政保障岗位，工作规律，适合熟悉办公设备操作的人员。",166 文印员
技能岗,167,通信员 / 收发员,负责公文、文件、通信资料收发、登记、传递及保密管理，确保信息传递及时、安全。,接收文件、登记流转、保密检查、资料归档、邮件收发、通信记录管理。,★★★☆☆,★★☆☆☆,办公室、通信值班室。,收发通信员 → 通信主管 → 综合保障负责人。,机关单位、军队医院、军事院校、信息支援部队。,,保密知识、通信流程、岗位技能。,★★★★☆,"重大任务和文件集中流转期间工作增加。
偏行政通信保障，细致严谨是岗位核心要求。",167 通信员 / 收发员
技能岗,168,视频会议系统管理员,负责视频会议系统运行维护、会议设备调试、会议现场技术保障及远程会议支持。,设备调试、音视频测试、会议值守、故障排查、设备维护、会议资料保障。,★★★☆☆,★★★☆☆,会议中心、机房、办公室。,技术保障员 → 技师 → 信息保障负责人。,军委机关、军队医院、军事院校、联勤保障部队。,,音视频设备操作、网络基础知识。,★★★★★,"大型会议、节假日保障期间工作增加。
近年来需求不断增加，信息化保障特色明显。",168 视频会议系统管理员
技能岗,169,网络管理员 / 网络监控员 / 信息安全员,负责网络机房设备运行维护、服务器管理、网络巡检及机房安全管理。,巡检服务器、监控网络运行、维护交换机及路由器、UPS设备检查、机房环境管理、故障处理。,★★★★☆,★★★★☆,网络机房、数据中心。,机房管理员 → 网络运维主管 → 信息保障负责人。,信息支援部队、军队医院、军事院校、机关信息中心。,,计算机网络、服务器基础、设备维护。,★★★★★,"网络故障、系统升级及重大保障期间需值班。
技能岗中技术含量较高，适合计算机、网络技术相关技能人员。",169 网络管理员 / 网络监控员 / 信息安全员
技能岗,170,卫生员,协助医生、护士开展基础医疗、健康保障、伤病救护及医疗物资管理工作。,测量生命体征、协助换药、医疗器械消毒、药品管理、患者转运、健康宣教。,★★★★☆,★★★★☆,军队医院、门诊部、疗养院。,卫生员 → 高级卫生员 → 医疗保障负责人。,军队医院、联勤保障部队、基层医疗机构。,,医学基础知识、急救技能。,★★★★★,"实行轮班制度，重大医疗保障期间工作增加。
医疗辅助保障的重要岗位，招聘较为稳定。",170 卫生员
技能岗,171,理发员,负责单位人员日常理发、发型修整、理发工具维护及理发室卫生管理，为单位提供日常理容保障。,理发、洗护、工具消毒、设备维护、理发用品管理、保持理发室整洁。,★★★☆☆,★★☆☆☆,理发室、生活服务中心。,理发员 → 服务保障负责人。,联勤保障部队、军队医院、军事院校、干休所。,,理发技能、卫生消毒知识。,★★★☆☆,"重大活动、节假日前理发需求增加。
生活保障岗位，工作节奏相对稳定，具有理发技能证书更具优势。",171 理发员
技能岗,172,档案管理员兼司机,负责档案资料管理，同时承担单位公务车辆驾驶及相关保障工作。,整理档案、录入档案信息、档案借阅管理、驾驶公务车辆、车辆日常保养、协助行政事务。,★★★☆☆,★★★☆☆,办公室、档案室、公务车辆。,综合保障员 → 综合保障主管。,机关单位、军队医院、军事院校、干休所。,,档案管理基础、驾驶技能。,★★★★☆,"外出公务及档案集中整理期间工作增加。
复合型岗位，同时具备行政保障和驾驶保障职责。",172 档案管理员兼司机
技能岗,173,勤务班班长,负责勤务班日常管理、人员分工、生活保障及后勤任务组织实施。,安排值班、组织保障任务、检查内务、协调后勤工作、落实日常管理制度、组织应急保障。,★★★★☆,★★★★☆,营区、办公区、保障现场。,勤务班班长 → 勤务保障主管 → 后勤保障负责人。,联勤保障部队、军队医院、军事院校、机关单位。,,综合勤务管理、岗位技能、组织协调能力。,★★★★☆,"重大活动、节假日和集中保障期间工作量增加。
综合管理岗位，既负责保障工作，也承担基层管理职责。",173 勤务班班长
